id,dyad,modality,condition,hz,n_wcc_points,obs_dwell_time,obs_switching_rate,p_dwell_time,p_switching_rate,n_surrogates,null_model
pce01__RESP__rest1,pce01,RESP,rest1,1.0,151,12.0,0.794701986754967,0.032,0.508,499,iaaft
pce01__RESP__trials_concat,pce01,RESP,trials_concat,1.0,1051,,0.0,1.0,1.0,499,iaaft
pce02__ECG__rest1,pce02,ECG,rest1,1.0,151,,0.0,1.0,1.0,499,iaaft
pce02__ECG__trials_concat,pce02,ECG,trials_concat,1.0,1051,11.571428571428571,1.598477640342531,1.0,0.972,499,iaaft
pce02__EDA__rest1,pce02,EDA,rest1,1.0,151,4.0,0.794701986754967,0.5,1.0,499,iaaft
pce02__EDA__trials_concat,pce02,EDA,trials_concat,1.0,1051,33.6,1.6555661274976214,0.108,0.14,499,iaaft
pce02__RESP__rest1,pce02,RESP,rest1,1.0,151,,0.0,1.0,1.0,499,iaaft
pce02__RESP__trials_concat,pce02,RESP,trials_concat,1.0,1051,11.333333333333334,0.6850618458610848,0.656,0.808,499,iaaft
pce03__ECG__rest1,pce03,ECG,rest1,1.0,151,,0.0,1.0,1.0,499,iaaft
pce03__ECG__trials_concat,pce03,ECG,trials_concat,1.0,1051,10.846153846153847,1.4843006660323501,0.32,0.308,499,iaaft
pce03__EDA__rest1,pce03,EDA,rest1,1.0,151,20.0,0.794701986754967,0.3,1.0,499,iaaft
pce03__EDA__trials_concat,pce03,EDA,trials_concat,1.0,1051,17.0,0.6850618458610848,0.556,0.876,499,iaaft
pce03__RESP__rest1,pce03,RESP,rest1,1.0,151,,0.0,1.0,1.0,499,iaaft
pce03__RESP__trials_concat,pce03,RESP,trials_concat,1.0,1051,,0.0,1.0,1.0,499,iaaft
pce04__ECG__rest1,pce04,ECG,rest1,1.0,151,13.0,0.794701986754967,0.556,0.624,499,iaaft
pce04__ECG__trials_concat,pce04,ECG,trials_concat,1.0,1051,18.285714285714285,0.7992388201712655,0.028,0.064,499,iaaft
pce04__EDA__rest1,pce04,EDA,rest1,1.0,151,,0.0,1.0,1.0,499,iaaft
pce04__EDA__trials_concat,pce04,EDA,trials_concat,1.0,1051,28.071428571428573,1.5413891531874406,0.56,0.488,499,iaaft
pce04__RESP__rest1,pce04,RESP,rest1,1.0,151,21.5,1.1920529801324504,0.136,0.02,499,iaaft
pce04__RESP__trials_concat,pce04,RESP,trials_concat,1.0,1051,16.0,0.11417697431018078,0.012,0.216,499,iaaft
pce05__ECG__rest1,pce05,ECG,rest1,1.0,151,7.0,0.794701986754967,0.908,1.0,499,iaaft
pce05__ECG__trials_concat,pce05,ECG,trials_concat,1.0,1051,14.666666666666666,0.6850618458610848,0.004,0.004,499,iaaft
pce05__EDA__rest1,pce05,EDA,rest1,1.0,151,9.0,0.794701986754967,0.38,0.596,499,iaaft
pce05__EDA__trials_concat,pce05,EDA,trials_concat,1.0,1051,29.714285714285715,1.598477640342531,0.416,0.648,499,iaaft
pce05__RESP__rest1,pce05,RESP,rest1,1.0,151,,0.0,1.0,1.0,499,iaaft
pce05__RESP__trials_concat,pce05,RESP,trials_concat,1.0,1051,5.0,0.11417697431018078,0.52,0.672,499,iaaft
pce06__ECG__rest1,pce06,ECG,rest1,1.0,151,,0.0,1.0,1.0,499,iaaft
pce06__ECG__trials_concat,pce06,ECG,trials_concat,1.0,1051,21.0,1.141769743101808,0.004,0.004,499,iaaft
pce06__EDA__rest1,pce06,EDA,rest1,1.0,151,3.0,0.794701986754967,0.672,1.0,499,iaaft
pce06__EDA__trials_concat,pce06,EDA,trials_concat,1.0,1051,19.933333333333334,1.6555661274976214,0.212,0.252,499,iaaft
pce06__RESP__rest1,pce06,RESP,rest1,1.0,151,,0.0,1.0,1.0,499,iaaft
pce06__RESP__trials_concat,pce06,RESP,trials_concat,1.0,1051,,0.0,1.0,1.0,499,iaaft
pce07__ECG__rest1,pce07,ECG,rest1,1.0,151,,0.0,1.0,1.0,499,iaaft
pce07__ECG__trials_concat,pce07,ECG,trials_concat,1.0,1051,18.6,1.0846812559467174,0.004,0.004,499,iaaft
pce07__EDA__rest1,pce07,EDA,rest1,1.0,151,8.0,1.589403973509934,0.348,1.0,499,iaaft
pce07__EDA__trials_concat,pce07,EDA,trials_concat,1.0,1051,19.6,1.7126546146527117,0.38,0.408,499,iaaft
pce07__RESP__rest1,pce07,RESP,rest1,1.0,151,,0.0,1.0,1.0,499,iaaft
pce07__RESP__trials_concat,pce07,RESP,trials_concat,1.0,1051,,0.0,1.0,1.0,499,iaaft
pce08__ECG__rest1,pce08,ECG,rest1,1.0,151,3.0,0.3973509933774835,1.0,0.032,499,iaaft
pce08__ECG__trials_concat,pce08,ECG,trials_concat,1.0,1051,3.6666666666666665,0.3425309229305424,0.212,1.0,499,iaaft
pce08__EDA__rest1,pce08,EDA,rest1,1.0,151,10.0,0.794701986754967,0.048,0.588,499,iaaft
pce08__EDA__trials_concat,pce08,EDA,trials_concat,1.0,1051,14.555555555555555,1.027592768791627,0.96,1.0,499,iaaft
pce08__RESP__rest1,pce08,RESP,rest1,1.0,151,,0.0,1.0,1.0,499,iaaft
pce08__RESP__trials_concat,pce08,RESP,trials_concat,1.0,1051,,0.0,1.0,1.0,499,iaaft
pce09__ECG__rest1,pce09,ECG,rest1,1.0,130,,0.0,1.0,1.0,499,iaaft
pce09__ECG__trials_concat,pce09,ECG,trials_concat,1.0,1051,16.22222222222222,1.027592768791627,0.136,0.18,499,iaaft
pce09__EDA__rest1,pce09,EDA,rest1,1.0,131,,0.0,1.0,1.0,499,iaaft
pce09__EDA__trials_concat,pce09,EDA,trials_concat,1.0,1051,29.733333333333334,1.7126546146527117,0.816,1.0,499,iaaft
pce09__RESP__rest1,pce09,RESP,rest1,1.0,131,,0.0,1.0,1.0,499,iaaft
pce09__RESP__trials_concat,pce09,RESP,trials_concat,1.0,1051,,0.0,1.0,1.0,499,iaaft
pce10__ECG__rest1,pce10,ECG,rest1,1.0,151,4.0,0.794701986754967,0.824,1.0,499,iaaft
pce10__ECG__trials_concat,pce10,ECG,trials_concat,1.0,1051,19.142857142857142,0.7992388201712655,0.012,0.012,499,iaaft
pce10__EDA__rest1,pce10,EDA,rest1,1.0,151,,0.0,1.0,1.0,499,iaaft
pce10__EDA__trials_concat,pce10,EDA,trials_concat,1.0,1051,42.30769230769231,1.4843006660323501,0.284,0.484,499,iaaft
pce10__RESP__rest1,pce10,RESP,rest1,1.0,151,20.0,0.3973509933774835,0.016,0.004,499,iaaft
pce10__RESP__trials_concat,pce10,RESP,trials_concat,1.0,1051,8.0,0.11417697431018078,0.62,0.436,499,iaaft
pce11__ECG__rest1,pce11,ECG,rest1,1.0,151,8.5,1.1920529801324504,0.948,0.58,499,iaaft
pce11__ECG__trials_concat,pce11,ECG,trials_concat,1.0,1051,11.785714285714286,1.598477640342531,0.196,0.24,499,iaaft
pce11__EDA__rest1,pce11,EDA,rest1,1.0,151,,0.0,1.0,1.0,499,iaaft
pce11__EDA__trials_concat,pce11,EDA,trials_concat,1.0,1051,29.0,0.570884871550904,0.04,0.048,499,iaaft
pce11__RESP__rest1,pce11,RESP,rest1,1.0,151,25.0,0.794701986754967,0.564,1.0,499,iaaft
pce11__RESP__trials_concat,pce11,RESP,trials_concat,1.0,1051,8.6,0.570884871550904,0.2,0.28,499,iaaft
pce12__ECG__rest1,pce12,ECG,rest1,1.0,151,4.0,1.1920529801324504,0.852,0.612,499,iaaft
pce12__ECG__trials_concat,pce12,ECG,trials_concat,1.0,1051,12.5,1.141769743101808,0.244,0.568,499,iaaft
pce12__EDA__rest1,pce12,EDA,rest1,1.0,151,4.0,0.794701986754967,0.5,0.852,499,iaaft
pce12__EDA__trials_concat,pce12,EDA,trials_concat,1.0,1051,23.714285714285715,0.7992388201712655,0.276,0.38,499,iaaft
pce12__RESP__rest1,pce12,RESP,rest1,1.0,151,,0.0,1.0,1.0,499,iaaft
pce12__RESP__trials_concat,pce12,RESP,trials_concat,1.0,1051,2.0,0.11417697431018078,0.576,1.0,499,iaaft
pce13__ECG__rest1,pce13,ECG,rest1,1.0,151,,0.0,1.0,1.0,499,iaaft
pce13__ECG__trials_concat,pce13,ECG,trials_concat,1.0,1051,21.583333333333332,1.3701236917221695,0.004,0.004,499,iaaft
pce13__EDA__rest1,pce13,EDA,rest1,1.0,151,9.5,1.589403973509934,0.612,0.88,499,iaaft
pce13__EDA__trials_concat,pce13,EDA,trials_concat,1.0,1051,33.75,1.7126546146527117,0.56,0.388,499,iaaft
pce13__RESP__rest1,pce13,RESP,rest1,1.0,151,8.0,0.794701986754967,0.976,1.0,499,iaaft
pce13__RESP__trials_concat,pce13,RESP,trials_concat,1.0,1051,18.0,0.45670789724072314,0.96,1.0,499,iaaft
pce14__ECG__rest1,pce14,ECG,rest1,1.0,151,,0.0,1.0,1.0,499,iaaft
pce14__ECG__trials_concat,pce14,ECG,trials_concat,1.0,1051,17.5,0.45670789724072314,0.124,0.136,499,iaaft
pce14__EDA__rest1,pce14,EDA,rest1,1.0,151,41.0,0.794701986754967,0.608,1.0,499,iaaft
pce14__EDA__trials_concat,pce14,EDA,trials_concat,1.0,1051,28.3125,1.8268315889628925,0.88,1.0,499,iaaft
pce14__RESP__rest1,pce14,RESP,rest1,1.0,151,,0.0,1.0,1.0,499,iaaft
pce14__RESP__trials_concat,pce14,RESP,trials_concat,1.0,1051,23.0,0.11417697431018078,0.068,0.16,499,iaaft
pce15__ECG__rest1,pce15,ECG,rest1,1.0,151,,0.0,1.0,1.0,499,iaaft
pce15__ECG__trials_concat,pce15,ECG,trials_concat,1.0,1051,5.25,0.45670789724072314,0.604,0.828,499,iaaft
pce15__EDA__rest1,pce15,EDA,rest1,1.0,151,,0.0,1.0,1.0,499,iaaft
pce15__EDA__trials_concat,pce15,EDA,trials_concat,1.0,1051,27.454545454545453,1.2559467174119887,0.436,0.72,499,iaaft
pce15__RESP__rest1,pce15,RESP,rest1,1.0,151,,0.0,1.0,1.0,499,iaaft
pce15__RESP__trials_concat,pce15,RESP,trials_concat,1.0,1051,10.2,0.570884871550904,0.984,1.0,499,iaaft
pce16__ECG__rest1,pce16,ECG,rest1,1.0,151,10.0,1.589403973509934,0.496,0.956,499,iaaft
pce16__ECG__trials_concat,pce16,ECG,trials_concat,1.0,1051,20.58823529411765,1.9410085632730734,0.008,0.012,499,iaaft
pce16__EDA__rest1,pce16,EDA,rest1,1.0,151,8.0,0.794701986754967,0.016,1.0,499,iaaft
pce16__EDA__trials_concat,pce16,EDA,trials_concat,1.0,1051,26.2,1.7126546146527117,0.252,0.324,499,iaaft
pce16__RESP__rest1,pce16,RESP,rest1,1.0,151,,0.0,1.0,1.0,499,iaaft
pce16__RESP__trials_concat,pce16,RESP,trials_concat,1.0,1051,14.75,0.39961941008563273,0.844,0.852,499,iaaft
pce17__ECG__rest1,pce17,ECG,rest1,1.0,151,,0.0,1.0,1.0,499,iaaft
pce17__ECG__trials_concat,pce17,ECG,trials_concat,1.0,1051,21.0,0.7992388201712655,0.008,0.008,499,iaaft
pce17__EDA__rest1,pce17,EDA,rest1,1.0,151,22.0,0.794701986754967,0.244,0.572,499,iaaft
pce17__EDA__trials_concat,pce17,EDA,trials_concat,1.0,1051,53.3,1.141769743101808,0.044,0.112,499,iaaft
pce17__RESP__rest1,pce17,RESP,rest1,1.0,151,,0.0,1.0,1.0,499,iaaft
pce17__RESP__trials_concat,pce17,RESP,trials_concat,1.0,1051,,0.0,1.0,1.0,499,iaaft
pce18__ECG__rest1,pce18,ECG,rest1,1.0,151,,0.0,1.0,1.0,499,iaaft
pce18__ECG__trials_concat,pce18,ECG,trials_concat,1.0,1051,18.933333333333334,1.7126546146527117,0.004,0.004,499,iaaft
pce18__EDA__rest1,pce18,EDA,rest1,1.0,151,,0.0,1.0,1.0,499,iaaft
pce18__EDA__trials_concat,pce18,EDA,trials_concat,1.0,1051,17.875,0.8563273073263559,0.788,0.668,499,iaaft
pce18__RESP__rest1,pce18,RESP,rest1,1.0,151,,0.0,1.0,1.0,499,iaaft
pce18__RESP__trials_concat,pce18,RESP,trials_concat,1.0,1051,,0.0,1.0,1.0,499,iaaft
pce19__ECG__rest1,pce19,ECG,rest1,1.0,151,,0.0,1.0,1.0,499,iaaft
pce19__ECG__trials_concat,pce19,ECG,trials_concat,1.0,1051,14.875,0.9134157944814463,0.208,0.312,499,iaaft
pce19__EDA__rest1,pce19,EDA,rest1,1.0,151,,0.0,1.0,1.0,499,iaaft
pce19__EDA__trials_concat,pce19,EDA,trials_concat,1.0,1051,28.9,1.141769743101808,0.672,1.0,499,iaaft
pce19__RESP__rest1,pce19,RESP,rest1,1.0,151,,0.0,1.0,1.0,499,iaaft
pce19__RESP__trials_concat,pce19,RESP,trials_concat,1.0,1051,23.75,0.45670789724072314,0.444,0.928,499,iaaft
pce20__ECG__rest1,pce20,ECG,rest1,1.0,151,,0.0,1.0,1.0,499,iaaft
pce20__ECG__trials_concat,pce20,ECG,trials_concat,1.0,1051,18.142857142857142,0.7992388201712655,0.032,0.036,499,iaaft
pce20__EDA__rest1,pce20,EDA,rest1,1.0,151,11.0,0.3973509933774835,0.268,0.012,499,iaaft
pce20__EDA__trials_concat,pce20,EDA,trials_concat,1.0,1051,22.0,2.055185537583254,0.792,0.684,499,iaaft
pce20__RESP__rest1,pce20,RESP,rest1,1.0,151,,0.0,1.0,1.0,499,iaaft
pce20__RESP__trials_concat,pce20,RESP,trials_concat,1.0,1051,,0.0,1.0,1.0,499,iaaft
pce21__ECG__rest1,pce21,ECG,rest1,1.0,151,,0.0,1.0,1.0,499,iaaft
pce21__ECG__trials_concat,pce21,ECG,trials_concat,1.0,1051,11.625,0.9134157944814463,0.152,0.224,499,iaaft
pce21__EDA__rest1,pce21,EDA,rest1,1.0,151,,0.0,1.0,1.0,499,iaaft
pce21__EDA__trials_concat,pce21,EDA,trials_concat,1.0,1051,12.0,0.7992388201712655,0.56,0.88,499,iaaft
pce21__RESP__rest1,pce21,RESP,rest1,1.0,151,,0.0,1.0,1.0,499,iaaft
pce21__RESP__trials_concat,pce21,RESP,trials_concat,1.0,1051,6.0,0.11417697431018078,0.848,1.0,499,iaaft
pce22__ECG__rest1,pce22,ECG,rest1,1.0,151,,0.0,1.0,1.0,499,iaaft
pce22__ECG__trials_concat,pce22,ECG,trials_concat,1.0,1051,14.181818181818182,1.2559467174119887,0.016,0.028,499,iaaft
pce22__EDA__rest1,pce22,EDA,rest1,1.0,151,19.5,1.589403973509934,0.636,1.0,499,iaaft
pce22__EDA__trials_concat,pce22,EDA,trials_concat,1.0,1051,17.0,1.027592768791627,0.484,0.5,499,iaaft
pce22__RESP__rest1,pce22,RESP,rest1,1.0,151,,0.0,1.0,1.0,499,iaaft
pce22__RESP__trials_concat,pce22,RESP,trials_concat,1.0,1051,12.333333333333334,0.3425309229305424,0.532,1.0,499,iaaft
pce23__ECG__rest1,pce23,ECG,rest1,1.0,151,23.0,0.794701986754967,0.192,0.352,499,iaaft
pce23__ECG__trials_concat,pce23,ECG,trials_concat,1.0,1051,12.5,1.3701236917221695,0.188,0.544,499,iaaft
pce23__EDA__rest1,pce23,EDA,rest1,1.0,151,,0.0,1.0,1.0,499,iaaft
pce23__EDA__trials_concat,pce23,EDA,trials_concat,1.0,1051,49.22222222222222,1.027592768791627,0.004,0.012,499,iaaft
pce23__RESP__rest1,pce23,RESP,rest1,1.0,151,,0.0,1.0,1.0,499,iaaft
pce23__RESP__trials_concat,pce23,RESP,trials_concat,1.0,1051,18.0,0.6850618458610848,0.604,0.912,499,iaaft
pce24__EDA__rest1,pce24,EDA,rest1,1.0,151,,0.0,1.0,1.0,499,iaaft
pce24__EDA__trials_concat,pce24,EDA,trials_concat,1.0,1051,33.0,1.313035204567079,0.368,0.364,499,iaaft
pce24__RESP__rest1,pce24,RESP,rest1,1.0,151,,0.0,1.0,1.0,499,iaaft
pce24__RESP__trials_concat,pce24,RESP,trials_concat,1.0,1051,12.25,0.45670789724072314,0.472,0.736,499,iaaft
pce25__ECG__rest1,pce25,ECG,rest1,1.0,151,,0.0,1.0,1.0,499,iaaft
pce25__ECG__trials_concat,pce25,ECG,trials_concat,1.0,1051,21.7,1.141769743101808,0.012,0.02,499,iaaft
pce25__EDA__rest1,pce25,EDA,rest1,1.0,151,27.666666666666668,1.9867549668874174,0.568,0.492,499,iaaft
pce25__EDA__trials_concat,pce25,EDA,trials_concat,1.0,1051,22.2,1.141769743101808,0.044,0.108,499,iaaft
pce25__RESP__rest1,pce25,RESP,rest1,1.0,151,,0.0,1.0,1.0,499,iaaft
pce25__RESP__trials_concat,pce25,RESP,trials_concat,1.0,1051,14.0,0.22835394862036157,0.524,0.548,499,iaaft
pce26__EDA__rest1,pce26,EDA,rest1,1.0,141,,0.0,1.0,1.0,499,iaaft
pce26__EDA__trials_concat,pce26,EDA,trials_concat,1.0,1051,30.272727272727273,1.2559467174119887,0.288,0.48,499,iaaft
pce26__RESP__rest1,pce26,RESP,rest1,1.0,141,,0.0,1.0,1.0,499,iaaft
pce26__RESP__trials_concat,pce26,RESP,trials_concat,1.0,1051,7.333333333333333,0.3425309229305424,0.608,0.632,499,iaaft
pce27__ECG__rest1,pce27,ECG,rest1,1.0,151,,0.0,1.0,1.0,499,iaaft
pce27__ECG__trials_concat,pce27,ECG,trials_concat,1.0,1051,14.333333333333334,1.027592768791627,0.08,0.096,499,iaaft
pce27__EDA__rest1,pce27,EDA,rest1,1.0,151,14.5,1.589403973509934,0.492,0.944,499,iaaft
pce27__EDA__trials_concat,pce27,EDA,trials_concat,1.0,1051,39.57142857142857,0.7992388201712655,0.012,0.016,499,iaaft
pce27__RESP__rest1,pce27,RESP,rest1,1.0,151,,0.0,1.0,1.0,499,iaaft
pce27__RESP__trials_concat,pce27,RESP,trials_concat,1.0,1051,15.75,0.45670789724072314,0.328,0.56,499,iaaft
pce28__ECG__rest1,pce28,ECG,rest1,1.0,151,12.0,0.794701986754967,0.072,0.692,499,iaaft
pce28__ECG__trials_concat,pce28,ECG,trials_concat,1.0,1051,18.0,0.570884871550904,0.004,0.004,499,iaaft
pce28__EDA__rest1,pce28,EDA,rest1,1.0,151,,0.0,1.0,1.0,499,iaaft
pce28__EDA__trials_concat,pce28,EDA,trials_concat,1.0,1051,32.0,1.3701236917221695,0.028,0.028,499,iaaft
pce28__RESP__rest1,pce28,RESP,rest1,1.0,151,,0.0,1.0,1.0,499,iaaft
pce28__RESP__trials_concat,pce28,RESP,trials_concat,1.0,1051,,0.0,1.0,1.0,499,iaaft
pce29__ECG__rest1,pce29,ECG,rest1,1.0,151,6.0,0.794701986754967,0.944,1.0,499,iaaft
pce29__ECG__trials_concat,pce29,ECG,trials_concat,1.0,1051,9.4,0.570884871550904,0.728,0.948,499,iaaft
pce29__EDA__rest1,pce29,EDA,rest1,1.0,151,4.0,0.794701986754967,0.332,1.0,499,iaaft
pce29__EDA__trials_concat,pce29,EDA,trials_concat,1.0,1051,26.4,1.141769743101808,0.056,0.068,499,iaaft
pce29__RESP__rest1,pce29,RESP,rest1,1.0,151,22.0,0.794701986754967,0.024,1.0,499,iaaft
pce29__RESP__trials_concat,pce29,RESP,trials_concat,1.0,1051,,0.0,1.0,1.0,499,iaaft
pce30__ECG__rest1,pce30,ECG,rest1,1.0,151,,0.0,1.0,1.0,499,iaaft
pce30__ECG__trials_concat,pce30,ECG,trials_concat,1.0,1051,11.0,0.11417697431018078,0.452,0.4,499,iaaft
pce30__EDA__rest1,pce30,EDA,rest1,1.0,151,6.0,0.794701986754967,0.576,0.804,499,iaaft
pce30__EDA__trials_concat,pce30,EDA,trials_concat,1.0,1051,2.0,0.11417697431018078,0.76,1.0,499,iaaft
pce30__RESP__rest1,pce30,RESP,rest1,1.0,151,,0.0,1.0,1.0,499,iaaft
pce30__RESP__trials_concat,pce30,RESP,trials_concat,1.0,1051,,0.0,1.0,1.0,499,iaaft
pce32__EDA__rest1,pce32,EDA,rest1,1.0,151,13.333333333333334,2.384105960264901,0.64,0.984,499,iaaft
pce32__EDA__trials_concat,pce32,EDA,trials_concat,1.0,1051,17.3,1.141769743101808,0.604,0.724,499,iaaft
pce32__RESP__rest1,pce32,RESP,rest1,1.0,151,,0.0,1.0,1.0,499,iaaft
pce32__RESP__trials_concat,pce32,RESP,trials_concat,1.0,1051,11.333333333333334,0.6850618458610848,0.32,0.312,499,iaaft
