id,dyad,modality,condition,hz,n_samples,wcc_json
1147_0208__angular__exp1,1147_0208,angular,exp1,2.0,22,"[-0.073159, -0.424638, -0.124015, -0.233184, -0.114724, 0.102946, 0.274093, 0.079801, -0.275349, 0.050756, 0.35081, -0.046115, -0.278394, -0.582584, -0.515411, -0.083691, -0.072503, -0.182869, -0.5836, -0.783078, -0.493218, -0.337722]"
1147_0208__radial__exp1,1147_0208,radial,exp1,2.0,22,"[-0.1398, 0.075197, 0.378528, 0.110431, 0.273353, -0.09094, 0.376276, 0.048298, -0.355445, -0.183419, -0.167906, 0.0, 0.168217, 0.696172, -0.161092, -0.211651, 0.490496, -0.090443, 0.546208, 0.0, 0.0, 0.0]"
1147_0208__angular__exp2,1147_0208,angular,exp2,2.0,22,"[-0.35743, -0.770516, -0.682698, -0.646228, -0.845006, -0.87655, -0.714678, -0.353409, -0.269311, -0.277957, -0.363234, -0.365654, -0.519922, -0.612716, -0.406255, -0.796713, -0.805564, -0.53923, -0.3631, -0.241058, -0.381592, -0.544758]"
1147_0208__radial__exp2,1147_0208,radial,exp2,2.0,22,"[null, null, null, null, null, null, null, null, null, null, null, null, null, null, null, null, null, 0.741274, 0.741274, null, null, null]"
1147_0208__angular__exp3,1147_0208,angular,exp3,2.0,22,"[-0.508327, -0.181877, -0.403453, -0.205854, -0.081144, 0.054437, -0.283684, -0.448675, -0.308527, -0.546093, -0.620324, -0.413059, 0.148736, 0.598206, 0.47528, 0.305812, -0.051143, -0.145719, -0.012237, -0.148187, -0.35505, -0.261302]"
1147_0208__radial__exp3,1147_0208,radial,exp3,2.0,22,"[0.94816, 0.302855, 0.142192, 0.551575, 0.048268, 0.297238, 0.470008, -0.253782, 0.164892, 0.972259, 0.272351, -0.274505, 0.356873, 0.865424, 0.828861, 0.333705, 0.17256, 0.479375, 0.187868, -0.199805, -0.124388, -0.219527]"
1147_0208__angular__exp4,1147_0208,angular,exp4,2.0,22,"[-0.277749, -0.768309, -0.739451, -0.377181, 0.002067, -0.220592, -0.574965, -0.162489, 0.036747, 0.127943, -0.196976, -0.435443, -0.088692, 0.292971, 0.154617, 0.014634, 0.150462, 0.064113, -0.021473, 0.244108, 0.145253, -0.299687]"
1147_0208__radial__exp4,1147_0208,radial,exp4,2.0,22,"[null, null, null, null, null, null, null, null, 0.361016, 0.361222, 5e-06, null, null, null, null, null, null, 0.409825, 0.409825, null, null, null]"
1255_2714__angular__exp1,1255_2714,angular,exp1,2.0,22,"[-0.064861, -0.091481, -0.151037, -0.249534, -0.63772, -0.554836, -0.377895, -0.214993, 0.133592, 0.217675, 0.26624, 0.174842, 0.197991, -0.114803, -0.139255, -0.125687, -0.404971, -0.498361, -0.496475, -0.485358, -0.434828, -0.397664]"
1255_2714__radial__exp1,1255_2714,radial,exp1,2.0,22,"[-0.0, -0.316298, -0.32861, -0.117838, 0.362534, 0.517623, -0.178991, -0.273949, 0.115152, 0.338068, 0.224732, 0.233981, 0.664122, -0.0, -0.0, -0.0, -0.145427, -0.270454, -0.274227, -0.187899, -0.436839, -0.245735]"
1255_2714__angular__exp2,1255_2714,angular,exp2,2.0,22,"[-0.300855, 0.041361, 0.021664, -0.582503, -0.87734, -0.635505, -0.259254, -0.427039, -0.483725, -0.026662, -0.229442, -0.465389, -0.673797, -0.832001, -0.529627, -0.53827, -0.889859, -0.601981, -0.03108, -0.157201, -0.604741, -0.689388]"
1255_2714__angular__exp3,1255_2714,angular,exp3,2.0,22,"[-0.389534, -0.498798, -0.183122, -0.297687, -0.621162, -0.597932, -0.207559, 0.056356, -0.15034, -0.270879, -0.04559, -0.032655, -0.203087, 0.019565, 0.183189, 0.21193, 0.215444, 0.232149, -0.09551, -0.497608, -0.53377, -0.531471]"
1255_2714__radial__exp3,1255_2714,radial,exp3,2.0,22,"[0.487385, 0.298096, 0.28159, 0.417619, 0.557768, 0.79695, 0.81434, 0.80696, 0.76692, 0.605139, 0.618417, 0.33534, 0.121814, 0.221039, -0.317571, -0.287878, 0.156377, 0.118556, -0.003607, 0.228124, 0.479771, 0.66218]"
1255_2714__angular__exp4,1255_2714,angular,exp4,2.0,22,"[0.186047, -0.294762, -0.383973, -0.425693, -0.161651, 0.442617, 0.48323, 0.185121, -0.423492, -0.556901, -0.422042, -0.414067, -0.31788, -0.399326, -0.358382, 0.182913, -0.075736, -0.434361, -0.352639, -0.019825, -0.031344, -0.219226]"
1255_2714__radial__exp4,1255_2714,radial,exp4,2.0,22,"[null, null, null, null, null, null, null, null, null, null, null, null, null, null, null, null, null, -0.124189, -0.124189, null, null, null]"
1682_6831__angular__exp1,1682_6831,angular,exp1,2.0,22,"[-0.002461, -0.144444, -0.528756, -0.147472, -0.266618, -0.723699, -0.727041, -0.467288, -0.061002, -0.070369, -0.14676, -0.155164, 0.029632, 0.414446, 0.202943, -0.529557, -0.103142, 0.109528, -0.235108, -0.388265, 0.070315, 0.073739]"
1682_6831__radial__exp1,1682_6831,radial,exp1,2.0,22,"[-0.0, -0.12528, 0.133458, 0.013209, -0.234178, null, null, -0.145129, -0.145441, 0.561192, 0.266541, -0.0, null, -0.147245, 0.441075, 0.781312, null, null, null, -0.161364, -0.060388, 0.036234]"
1682_6831__angular__exp2,1682_6831,angular,exp2,2.0,22,"[-0.83378, -0.66862, -0.598923, -0.709433, -0.548706, -0.038021, -0.232746, -0.501561, -0.230679, -0.260674, -0.204062, -0.356553, -0.108213, 0.42268, -0.050385, -0.282609, -0.272249, -0.334074, -0.271492, -0.75542, -0.345366, 0.288833]"
1682_6831__radial__exp2,1682_6831,radial,exp2,2.0,22,"[null, null, null, null, null, null, null, null, null, null, null, null, null, null, null, null, null, -0.177668, -0.177668, null, null, null]"
1682_6831__angular__exp3,1682_6831,angular,exp3,2.0,22,"[0.159811, 0.038873, 0.169694, 0.291082, -0.011025, -0.127654, -0.020709, 0.14617, 0.23059, 0.376738, 0.170271, -0.019259, 0.175348, 0.177388, 0.112131, -0.144444, -0.19825, -0.08715, -0.173192, -0.176817, -0.460993, -0.433267]"
1682_6831__radial__exp3,1682_6831,radial,exp3,2.0,22,"[0.711989, 0.435455, -0.179026, -0.077978, 0.028691, 0.094065, -0.169267, -0.341484, 0.086347, 0.256944, -0.240417, -0.429968, -0.08271, 0.538572, -0.056105, -0.196967, -0.210189, -0.238198, 0.209411, 0.311747, 0.289191, 0.537908]"
1682_6831__angular__exp4,1682_6831,angular,exp4,2.0,22,"[0.015846, -0.074188, 0.28342, 0.224442, -0.283067, -0.479445, -0.368222, -0.263727, -0.292256, -0.4149, -0.463834, -0.581501, -0.559814, -0.391599, -0.405993, -0.105969, -0.400927, -0.21118, -0.04048, -0.37688, -0.520592, -0.376291]"
1756_5474__angular__exp1,1756_5474,angular,exp1,2.0,22,"[-0.352879, -0.360562, -0.528539, -0.522171, -0.18357, -0.153089, -0.550787, -0.617276, -0.437898, -0.240671, 0.084598, 0.035305, -0.093634, -0.073687, -0.064943, -0.196911, -0.236073, 0.089428, 0.015288, -0.335989, -0.072678, 0.022925]"
1756_5474__radial__exp1,1756_5474,radial,exp1,2.0,22,"[-0.201237, -0.263818, null, -0.224768, 0.017953, 0.185895, -0.128256, -0.124153, -0.086477, 0.069518, 0.453848, -0.0, null, -0.0, -0.0, -0.124628, -0.138233, null, -0.125977, -0.28878, -0.178993, -0.0]"
1756_5474__angular__exp2,1756_5474,angular,exp2,2.0,22,"[-0.767545, -0.681184, -0.578292, 0.163472, 0.038857, -0.15953, -0.242908, -0.254571, 0.176376, -0.193995, -0.592741, -0.205068, -0.429445, -0.757673, -0.596639, -0.528882, -0.587457, -0.250284, -0.447073, -0.77171, -0.553577, -0.584032]"
1756_5474__radial__exp2,1756_5474,radial,exp2,2.0,22,"[null, null, null, null, null, null, null, null, -0.0, -0.0, null, null, null, null, null, null, null, 0.923535, 0.923535, null, null, null]"
1756_5474__angular__exp3,1756_5474,angular,exp3,2.0,22,"[-0.351813, -0.090106, 0.244378, 0.138062, 0.015564, -0.139528, 0.198365, 0.027306, -0.045437, -0.043828, -0.470168, -0.291808, -0.141845, 0.011761, -0.267869, -0.539885, -0.520758, -0.241788, -0.094273, -0.088687, -0.24987, -0.173082]"
1756_5474__radial__exp3,1756_5474,radial,exp3,2.0,22,"[null, -0.0, -0.0, null, null, null, null, null, null, -0.068107, null, 0.971864, -0.029186, 0.081774, -0.0, -0.0, -0.0, -0.0, -0.0, -0.0, -0.0, -0.0]"
1756_5474__angular__exp4,1756_5474,angular,exp4,2.0,22,"[-0.311139, -0.319855, -0.271553, -0.403281, -0.173398, -0.027721, -0.060711, 0.023333, 0.019456, -0.555472, -0.638754, -0.371573, -0.302448, -0.325341, -0.303672, 0.212594, 0.244687, 0.084194, -0.360282, -0.447127, -0.086314, -0.195137]"
1756_5474__radial__exp4,1756_5474,radial,exp4,2.0,22,"[null, null, null, null, null, null, null, null, null, null, null, null, null, null, null, null, null, 0.431077, 0.431077, null, null, null]"
1966_9908__angular__exp1,1966_9908,angular,exp1,2.0,22,"[-0.111944, -0.369823, -0.403993, 0.115695, -0.258938, -0.062786, -0.038378, -0.437734, -0.272583, -0.070347, 0.277678, 0.110852, -0.496216, -0.264159, -0.003723, -0.307476, -0.16884, -0.197757, -0.358451, -0.216534, -0.064089, -0.116357]"
1966_9908__radial__exp1,1966_9908,radial,exp1,2.0,22,"[null, null, null, null, null, null, null, null, null, null, null, null, null, -0.425988, -0.647478, -0.72949, null, null, null, null, -0.120373, 0.136173]"
1966_9908__angular__exp2,1966_9908,angular,exp2,2.0,22,"[0.053385, -0.002123, 0.100638, 0.423778, 0.256733, 0.460697, 0.836764, 0.707496, 0.648718, 0.682127, 0.415209, 0.154801, 0.521229, 0.4842, 0.144821, 0.2156, 0.29585, 0.385421, 0.317603, -0.466309, -0.121719, 0.123104]"
1966_9908__radial__exp2,1966_9908,radial,exp2,2.0,22,"[null, null, null, null, null, null, null, null, -0.0, -0.0, null, null, null, null, null, null, null, null, null, null, null, null]"
1966_9908__angular__exp3,1966_9908,angular,exp3,2.0,22,"[-0.042732, -0.214458, -0.081828, -0.231647, -0.243813, -0.264442, -0.627783, -0.601684, -0.407678, -0.259283, -0.268294, -0.408757, -0.349603, -0.163282, 0.255309, 0.169784, 0.02471, -0.004537, -0.038445, 0.057455, -0.104517, -0.312263]"
1966_9908__radial__exp3,1966_9908,radial,exp3,2.0,22,"[null, null, -0.247681, -0.34065, 0.207077, 0.48743, 0.297489, 0.481949, 0.485246, 0.398107, 0.643428, null, -0.110087, -0.335514, -0.266049, -0.305114, 0.0, -0.172295, null, 0.574598, 0.457896, 0.558823]"
1966_9908__angular__exp4,1966_9908,angular,exp4,2.0,22,"[0.183703, 0.144789, 0.004364, 0.405728, 0.680519, 0.217903, -0.163621, 0.087275, 0.15312, -0.20515, -0.133258, 0.048065, 0.091401, 0.093838, 0.157828, -0.06623, -0.14508, -0.103147, -0.529202, -0.486912, -0.155241, -0.390799]"
1966_9908__radial__exp4,1966_9908,radial,exp4,2.0,22,"[null, null, null, null, null, null, null, null, -0.0, -0.0, null, null, null, null, null, null, null, -0.217888, -0.217888, null, null, null]"
2082_5483__angular__exp1,2082_5483,angular,exp1,2.0,22,"[-0.445633, -0.254981, -0.300587, -0.046279, -0.163035, -0.633567, -0.198099, 0.115627, -0.281741, -0.268041, -0.088495, 0.053658, -0.086105, -0.346328, -0.568453, -0.83668, -0.853781, -0.792922, -0.635983, -0.019148, -0.241363, -0.690984]"
2082_5483__radial__exp1,2082_5483,radial,exp1,2.0,22,"[-0.0, -0.190626, -0.0, null, null, null, null, null, null, -0.233263, -0.112425, 0.17876, null, null, null, null, null, null, 0.431336, 0.32795, -0.28968, null]"
2082_5483__angular__exp2,2082_5483,angular,exp2,2.0,22,"[-0.568227, -0.836163, -0.389057, -0.270778, -0.122099, 0.185746, -0.115601, -0.348788, -0.290416, -0.464604, -0.44807, -0.264357, -0.453193, -0.11393, -0.121483, 0.044672, -0.036428, -0.361581, 0.025353, 0.037356, -0.093125, 0.142578]"
2082_5483__angular__exp3,2082_5483,angular,exp3,2.0,22,"[0.251865, -0.089443, -0.191981, -0.319123, -0.109828, -0.131407, 0.049439, 0.418518, 0.631888, 0.298302, 0.080735, 0.412808, 0.549715, 0.229072, -0.260283, 0.305525, 0.41786, -0.135691, 0.008857, 0.310802, 0.169332, 0.359238]"
2082_5483__radial__exp3,2082_5483,radial,exp3,2.0,22,"[-0.212612, -0.35872, -0.150677, -0.302633, -0.213761, null, null, null, null, null, null, null, null, null, null, null, null, null, null, null, -0.06938, 0.05393]"
2082_5483__angular__exp4,2082_5483,angular,exp4,2.0,22,"[0.18057, -0.483087, -0.510076, -0.178146, 0.164565, -0.013052, 0.033381, 0.372362, 0.087888, -0.069227, -0.105155, -0.306771, -0.781844, -0.817433, -0.603968, -0.192507, -0.121606, 0.093539, -0.189623, -0.300898, 0.313782, -0.006532]"
2271_7957__angular__exp1,2271_7957,angular,exp1,2.0,22,"[-0.946095, -0.985615, -0.982814, -0.957959, -0.939676, -0.787145, -0.629877, -0.337591, -0.411295, -0.879066, -0.982168, -0.974209, -0.971284, -0.940876, -0.524542, 0.090864, 0.191687, 0.28174, 0.106288, -0.329272, -0.784812, -0.876813]"
2271_7957__radial__exp1,2271_7957,radial,exp1,2.0,22,"[null, null, null, null, null, null, null, -0.0, -0.0, null, null, null, null, null, -0.0, -0.0, 0.0, -0.094048, -0.094048, -0.0, -0.0, null]"
2271_7957__angular__exp2,2271_7957,angular,exp2,2.0,22,"[-0.473533, -0.30775, -0.083391, -0.304404, -0.444906, -0.633072, -0.82179, -0.73048, -0.584049, -0.46641, 0.137069, -0.210989, -0.504257, -0.317469, -0.096781, -0.141022, -0.091896, 0.164512, -0.336973, -0.579925, -0.475829, -0.279923]"
2271_7957__angular__exp3,2271_7957,angular,exp3,2.0,22,"[-0.76609, -0.375421, 0.102584, -0.157705, -0.890492, -0.577197, -0.101238, -0.311292, -0.56322, -0.271822, -0.081108, -0.107773, 0.054381, 0.111812, 0.354272, 0.370126, 0.454761, 0.394011, 0.178246, -0.00122, 0.0661, 0.144388]"
2271_7957__radial__exp3,2271_7957,radial,exp3,2.0,22,"[null, null, 0.98817, 0.850842, 0.84264, 0.552647, 0.260103, -0.069382, -0.084069, null, 0.619918, 0.620094, -0.081641, -0.029236, -0.217029, -0.216535, -0.191542, 0.105309, 0.104086, -0.163813, -0.229325, -0.303364]"
2271_7957__angular__exp4,2271_7957,angular,exp4,2.0,22,"[-0.052644, -0.0, -0.0, 0.00607, 0.016955, -0.048238, -0.354654, -0.556399, -0.179783, 0.213788, 0.237373, -0.287529, -0.010303, -0.028535, -0.452085, -0.719912, -0.612456, -0.098163, -0.171389, -0.59701, -0.672768, -0.649811]"
2271_7957__radial__exp4,2271_7957,radial,exp4,2.0,22,"[null, null, null, null, null, null, null, null, 0.993422, 0.993422, null, null, null, null, null, null, null, null, null, null, null, null]"
2457_2049__angular__exp1,2457_2049,angular,exp1,2.0,22,"[-0.442247, -0.039055, 0.070796, -0.100979, -0.188054, 0.075683, 0.251099, 0.012291, -0.438126, -0.144263, 0.339091, 0.319398, -0.288112, -0.306554, -0.391863, -0.127648, -0.20008, -0.233618, 0.335259, -0.022837, -0.476768, -0.241398]"
2457_2049__radial__exp1,2457_2049,radial,exp1,2.0,22,"[0.378806, 0.261668, -0.105498, -0.093786, 0.48659, 0.271465, -0.27274, -0.26012, -0.122579, -0.143782, -0.222562, -0.233834, -0.197689, 0.550446, 0.78561, 0.625337, -0.232382, -0.103679, -0.150627, -0.144314, -0.174596, 0.006412]"
2457_2049__angular__exp2,2457_2049,angular,exp2,2.0,22,"[-0.905979, -0.689619, -0.522265, -0.610268, -0.595226, -0.714081, -0.83047, -0.53877, -0.011449, 0.272241, 0.364129, -0.34197, -0.65744, -0.47362, -0.237132, -0.445626, -0.774, -0.471156, -0.635443, -0.191695, 0.522663, 0.30151]"
2457_2049__angular__exp3,2457_2049,angular,exp3,2.0,22,"[-0.341835, -0.17313, -0.094935, -0.08735, 0.225445, 0.246674, -0.077776, -0.009878, 0.090127, 0.029157, 0.019741, -0.088941, -0.344494, -0.36262, 0.068255, 0.329191, -0.014144, -0.10239, 0.104537, 0.004805, -0.097918, 0.109713]"
2457_2049__radial__exp3,2457_2049,radial,exp3,2.0,22,"[-0.119022, -0.24347, -0.080483, 0.194153, 0.583383, -0.225342, -0.123184, -0.252996, -0.290247, 0.614338, 0.665441, 0.466464, 0.189995, 0.180651, 0.64141, -0.09649, -0.393735, 0.088989, 0.503831, 0.030886, -0.060445, -0.415943]"
2457_2049__angular__exp4,2457_2049,angular,exp4,2.0,22,"[0.021869, -0.390972, null, null, 0.014089, -0.280549, -0.437616, -0.356313, -0.047395, 0.266777, 0.274985, -0.523051, -0.553631, -0.345782, -0.093954, -0.009244, -0.436205, -0.568327, -0.12356, 0.02808, -0.426918, -0.589261]"
2457_2049__radial__exp4,2457_2049,radial,exp4,2.0,22,"[null, null, null, null, null, null, null, null, 0.506327, 0.506327, null, null, null, null, null, null, null, 0.751948, 0.751948, null, null, null]"
2533_2635__angular__exp1,2533_2635,angular,exp1,2.0,22,"[0.543578, -0.082185, -0.178822, -0.031691, 0.111447, -0.475967, -0.648706, -0.201022, 0.062169, -0.015355, 0.031198, 0.180595, -0.504996, -0.527082, 0.110524, 0.363202, -0.067456, -0.19597, -0.050359, -0.02617, -0.198177, -0.486737]"
2533_2635__radial__exp1,2533_2635,radial,exp1,2.0,22,"[0.962398, 0.822611, null, null, null, null, null, null, -0.286534, -0.227218, null, -0.145483, -0.145483, null, 1.0, 0.766543, 0.736348, null, null, -0.118703, 0.205413, 0.906135]"
2533_2635__angular__exp2,2533_2635,angular,exp2,2.0,22,"[-0.640108, -0.445481, -0.267506, -0.585481, -0.34829, 0.228348, 0.258206, -0.209758, -0.335016, -0.666806, -0.635352, -0.62597, -0.482396, -0.037799, -0.183864, -0.363664, 0.183584, 0.134077, -0.60963, -0.463167, -0.400627, -0.44409]"
2533_2635__radial__exp2,2533_2635,radial,exp2,2.0,22,"[null, null, null, null, null, null, null, null, -0.0, -0.0, null, null, null, null, null, null, null, 0.877894, 0.877894, null, null, null]"
2533_2635__angular__exp3,2533_2635,angular,exp3,2.0,22,"[-0.555892, -0.165321, 0.413817, 0.336635, 0.083906, -0.704777, -0.492739, 0.013727, -0.379244, -0.589429, -0.389066, -0.218289, 0.037126, -0.086507, -0.021144, 0.259655, 0.023646, -0.206737, -0.406885, -0.334693, -0.196395, 0.097218]"
2533_2635__radial__exp3,2533_2635,radial,exp3,2.0,22,"[0.097427, 0.179536, 0.595708, 0.11841, 0.183007, 0.167596, 0.165926, -0.022109, 0.139105, 0.136281, 0.427197, 0.183696, 0.253297, 0.142047, -0.298041, -0.382279, -0.238818, -0.260495, 0.038241, 0.001201, 0.015839, -0.177896]"
2533_2635__angular__exp4,2533_2635,angular,exp4,2.0,22,"[-0.323298, -0.021734, 0.044335, -0.178627, -0.253978, -0.09559, -0.112219, -0.046819, -0.082506, -0.691083, -0.471118, -0.226383, -0.227357, -0.013618, 0.323269, 0.013843, -0.694099, -0.320849, 0.285751, 0.204995, -0.017825, -0.102822]"
2533_2635__radial__exp4,2533_2635,radial,exp4,2.0,22,"[null, null, null, null, null, null, null, null, 0.992227, 0.992227, null, null, null, null, null, null, null, -0.0, -0.0, null, null, null]"
2766_0912__angular__exp1,2766_0912,angular,exp1,2.0,22,"[-0.042087, -0.256478, 0.142061, 0.307177, 0.029986, -0.379455, -0.185129, -0.407885, -0.515457, -0.559437, -0.260715, -0.213582, -0.314186, -0.197244, -0.371137, -0.377563, 0.262791, 0.423992, 0.0418, 0.073659, 0.137192, 0.016999]"
2766_0912__radial__exp1,2766_0912,radial,exp1,2.0,22,"[-0.073656, -0.136213, -0.000313, 0.272411, 0.504374, 0.774456, 0.334361, 0.185473, 0.213334, 0.609074, 0.390872, 0.205102, -0.022348, 0.289939, 0.43328, 0.04778, -0.268932, -0.060275, -0.094167, -0.08473, 0.423753, 0.066999]"
2766_0912__angular__exp2,2766_0912,angular,exp2,2.0,22,"[-0.531456, -0.574772, -0.649538, -0.842381, -0.692842, -0.434059, -0.243519, -0.306842, 0.018922, 0.207113, 0.169667, 0.177794, 0.053831, -0.17859, -0.547367, -0.557593, -0.680404, -0.450569, -0.036633, 0.034998, 0.153772, 0.036524]"
2766_0912__radial__exp2,2766_0912,radial,exp2,2.0,22,"[null, null, null, null, null, null, null, null, 0.126609, 0.126609, null, null, null, null, null, null, null, -0.162561, -0.162278, null, null, null]"
2766_0912__angular__exp3,2766_0912,angular,exp3,2.0,22,"[-0.216651, -0.179918, 0.307197, 0.361599, -0.050091, -0.58357, -0.481142, -0.013427, 0.134044, -0.150618, 0.029097, 0.291782, -0.098462, -0.311283, 0.018427, 0.158892, -0.37082, -0.3526, 0.291658, 0.267232, -0.163842, 0.215823]"
2766_0912__radial__exp3,2766_0912,radial,exp3,2.0,22,"[0.645045, 0.531136, 0.453775, 0.358202, 0.359744, 0.210489, 0.287701, 0.748772, 0.493847, -0.46636, -0.37874, 0.563565, 0.240843, -0.002726, 0.415908, 0.432475, 0.55047, 0.28338, 0.460623, 0.600396, -0.159812, -0.505942]"
2766_0912__angular__exp4,2766_0912,angular,exp4,2.0,22,"[-0.739847, -0.506315, 0.061796, 0.420065, -0.222176, -0.335596, -0.189555, 0.29799, 0.351952, -0.090445, -0.319665, -0.142784, -0.209248, -0.282055, 0.247549, 0.512429, -0.298844, -0.305748, -0.425019, -0.63814, -0.20643, 0.763498]"
2766_0912__radial__exp4,2766_0912,radial,exp4,2.0,22,"[null, null, null, null, null, null, null, null, 0.313742, 0.313742, null, null, null, null, null, null, null, 0.029631, 0.029631, null, null, null]"
3050_3605__angular__exp1,3050_3605,angular,exp1,2.0,23,"[-0.274396, -0.240589, -0.366864, -0.268904, -0.525446, -0.152585, 0.03383, -0.668911, -0.740772, -0.61453, -0.497634, -0.333024, -0.545339, -0.678078, -0.676012, -0.651867, -0.704372, -0.680202, -0.31479, 0.267559, -0.537073, -0.498355, 0.280951]"
3050_3605__radial__exp1,3050_3605,radial,exp1,2.0,23,"[null, -0.0, 0.0, 0.829913, 0.547018, 0.598869, 0.995436, null, 0.0, 0.0, -0.0, null, null, null, -0.0, -0.0, null, null, null, null, -0.0, -0.238964, 0.165448]"
3050_3605__angular__exp2,3050_3605,angular,exp2,2.0,22,"[-0.245322, -0.804222, -0.750728, -0.350655, -0.593023, -0.9494, -0.958176, -0.931927, -0.59201, 0.174462, -0.418423, -0.928287, -0.884414, -0.723835, -0.780674, -0.919437, -0.927042, -0.753945, -0.685665, -0.525479, -0.440325, -0.801495]"
3050_3605__angular__exp3,3050_3605,angular,exp3,2.0,22,"[-0.587696, -0.129308, 0.42129, 0.450615, 0.132724, -0.103373, 0.078379, 0.123009, -0.032662, -0.138343, 0.011547, 0.278771, -0.344081, -0.357224, -0.03215, -0.17988, 0.265303, 0.486624, 0.06673, -0.188412, -0.192253, -0.453427]"
3050_3605__radial__exp3,3050_3605,radial,exp3,2.0,22,"[null, -0.377829, -0.359493, null, 0.028431, -0.432207, 0.13053, 0.302982, -0.134902, 0.36845, 0.0, 0.273176, 0.394545, -0.224529, -0.344945, -0.347781, -0.36869, 0.038141, -0.08167, -0.179611, -0.201346, 0.30094]"
3050_3605__angular__exp4,3050_3605,angular,exp4,2.0,22,"[-0.151114, -0.450831, -0.972088, -0.765683, -0.334301, -0.226601, -0.727416, -0.710064, -0.230417, -0.524165, -0.818915, -0.869346, -0.595008, -0.604087, -0.802338, -0.87062, -0.852206, -0.592884, -0.20821, -0.23444, 0.138164, -0.273698]"
3050_3605__radial__exp4,3050_3605,radial,exp4,2.0,22,"[null, null, null, null, null, null, null, null, 0.184602, 0.184602, null, null, null, null, null, null, null, 0.375256, 0.375256, null, null, null]"
3071_2257__angular__exp1,3071_2257,angular,exp1,2.0,22,"[-0.626762, -0.717034, -0.490443, -0.007892, 0.088094, 0.217426, 0.198311, -0.31617, -0.150448, -0.250923, -0.377232, -0.00513, 0.248563, -0.470128, -0.610945, -0.278726, 0.063104, -0.5083, -0.614481, 0.151995, 0.124595, 0.195241]"
3071_2257__radial__exp1,3071_2257,radial,exp1,2.0,22,"[0.870721, 0.296542, 0.008206, 0.174396, 0.041005, -0.292412, -0.182581, -0.187973, 0.063644, 0.325318, 0.447835, -0.151663, 0.178093, 0.307446, 0.132713, 0.200806, 0.367239, -0.184408, 0.317903, 0.173809, 0.261801, -0.069182]"
3071_2257__angular__exp2,3071_2257,angular,exp2,2.0,22,"[-0.232589, -0.231031, -0.048962, 0.149242, -0.205373, -0.675813, -0.683832, -0.232152, -0.149049, -0.621183, -0.093662, 0.273402, -0.362481, -0.094317, 0.075902, -0.606275, -0.457118, -0.145328, -0.331509, -0.409458, -0.214923, 0.023109]"
3071_2257__radial__exp2,3071_2257,radial,exp2,2.0,22,"[null, null, null, null, null, null, null, null, -0.0, -0.0, null, null, null, null, null, null, null, 0.546129, 0.546129, null, null, null]"
3071_2257__angular__exp3,3071_2257,angular,exp3,2.0,22,"[-0.094461, -0.198681, -0.613966, -0.649014, -0.51439, -0.297191, 0.364565, 0.093766, 0.243123, 0.594447, 0.195665, -0.239612, -0.535964, -0.75856, -0.806082, -0.366785, 0.114828, -0.128077, 0.055894, 0.341393, 0.038404, 0.100386]"
3071_2257__radial__exp3,3071_2257,radial,exp3,2.0,22,"[0.78047, 0.821265, 0.829007, 0.628049, 0.287705, 0.000704, -0.365623, 0.245498, 0.688987, 0.089926, -0.337703, 0.350418, 0.83342, 0.922539, 0.925265, 0.778519, 0.309228, -0.144532, -0.079781, 0.380601, 0.48715, 0.228012]"
3071_2257__angular__exp4,3071_2257,angular,exp4,2.0,22,"[-0.122241, -0.263212, -0.107997, 0.216959, 0.046204, -0.221778, -0.360126, -0.114628, 0.190951, 0.31087, 0.057147, -0.237415, -0.22711, 0.077042, 0.47982, 0.094292, -0.170627, -0.01141, -0.05359, 0.062497, 0.113323, -0.172333]"
3071_2257__radial__exp4,3071_2257,radial,exp4,2.0,22,"[null, null, null, null, null, null, null, null, 0.016465, 0.016465, null, null, null, null, null, null, null, 0.330306, 0.330306, null, null, null]"
3422_7920__angular__exp1,3422_7920,angular,exp1,2.0,22,"[-0.494976, -0.366378, -0.477031, -0.32263, -0.537696, -0.485607, 0.348256, 0.030262, -0.403325, -0.139404, 0.013407, -0.027033, 0.302014, 0.262249, -0.206796, -0.101665, 0.114932, -0.058896, 0.007604, 0.269015, 0.423027, 0.330468]"
3422_7920__radial__exp1,3422_7920,radial,exp1,2.0,22,"[-0.129967, 0.095285, -0.013102, -0.0, -0.0, 0.0, null, null, null, -0.150634, -0.170584, null, 0.541727, 0.829321, 0.517925, 0.554024, 0.109391, -0.138226, -0.033311, 0.183094, null, -0.320654]"
3422_7920__angular__exp2,3422_7920,angular,exp2,2.0,22,"[-0.830761, -0.840988, -0.892268, -0.844271, -0.798407, -0.704692, -0.778853, -0.903631, -0.491166, -0.466078, -0.735279, -0.302119, 0.283014, 0.238294, 0.028005, -0.055282, -0.657247, -0.638299, -0.645172, -0.624398, -0.038123, 0.050052]"
3422_7920__radial__exp2,3422_7920,radial,exp2,2.0,22,"[null, null, null, null, null, null, null, null, null, null, null, null, null, null, null, null, null, 0.165808, 0.165808, null, null, null]"
3422_7920__angular__exp3,3422_7920,angular,exp3,2.0,22,"[0.118636, -0.472947, -0.611225, -0.051746, -0.374729, -0.54193, -0.278569, -0.327098, -0.272006, -0.403274, -0.261446, 0.10404, 0.070359, -0.617019, -0.540678, -0.020369, -0.067221, -0.276671, -0.053151, -0.197521, -0.281395, 0.008576]"
3422_7920__radial__exp3,3422_7920,radial,exp3,2.0,22,"[0.721856, 0.416061, 0.338704, 0.455018, 0.68231, 0.309539, 0.35091, 0.574981, 0.697962, -0.169235, 0.22392, 0.078167, 0.243928, 0.483768, -0.004836, -0.113866, -0.116735, 0.229096, 0.582996, 0.040786, -0.570654, -0.561564]"
3422_7920__angular__exp4,3422_7920,angular,exp4,2.0,22,"[-0.222218, -0.560076, -0.334507, -0.053365, 0.306098, -0.080886, -0.344874, -0.231747, -0.256524, -0.421832, -0.486942, -0.442801, -0.341513, -0.320939, -0.439849, -0.493827, -0.080389, 0.174884, 0.281368, 0.133275, -0.522302, -0.198039]"
3422_7920__radial__exp4,3422_7920,radial,exp4,2.0,22,"[null, null, null, null, null, null, null, null, -0.026289, -0.026289, null, null, null, null, null, null, null, 0.66134, 0.66134, null, null, null]"
3756_3358__angular__exp1,3756_3358,angular,exp1,2.0,22,"[-0.371726, -0.529638, -0.730322, -0.607132, -0.230571, -0.102558, -0.400581, -0.177611, -0.210129, -0.202558, 0.183558, -0.034073, -0.182524, 0.086044, -0.249873, -0.313557, -0.090313, 0.009141, -0.071344, -0.299172, -0.339474, -0.324064]"
3756_3358__radial__exp1,3756_3358,radial,exp1,2.0,22,"[-0.0, -0.140511, 0.863094, 0.258844, -0.190905, -0.205007, -0.0892, 0.498836, 0.498071, 0.0, null, null, null, null, -0.152344, -0.248563, -0.253417, -0.113644, 0.676026, 0.851603, null, -0.161025]"
3756_3358__angular__exp2,3756_3358,angular,exp2,2.0,22,"[0.196017, 0.099099, 0.08731, -0.190416, -0.492831, -0.713071, -0.680795, -0.606135, -0.499832, -0.287962, 0.007995, -0.098591, -0.652395, -0.733945, -0.678883, -0.514096, -0.456086, -0.186289, -0.219393, -0.791504, -0.800944, -0.634865]"
3756_3358__angular__exp3,3756_3358,angular,exp3,2.0,22,"[0.268269, 0.094504, -0.549095, -0.708587, -0.122869, 0.11207, -0.01668, -0.109089, -0.107201, 0.083453, 0.203065, 0.288678, 0.461982, -0.097977, -0.587552, -0.34928, -0.055376, 0.392648, 0.184795, -0.263234, -0.457213, -0.220847]"
3756_3358__radial__exp3,3756_3358,radial,exp3,2.0,22,"[0.0, 0.306162, 0.854394, 0.280682, -0.325399, -0.284958, -0.008459, 0.127907, 0.424727, 0.036971, 0.132544, 0.866703, -0.042914, -0.16103, 0.279723, 0.075682, -0.342131, -0.432166, -0.50463, -0.416384, -0.21167, -0.202595]"
3756_3358__angular__exp4,3756_3358,angular,exp4,2.0,22,"[0.234311, 0.034697, -0.154935, -0.28971, -0.432846, -0.27304, 0.129163, 0.142768, -0.000717, -0.480942, -0.44517, -0.476921, -0.327257, -0.433453, -0.45924, -0.445967, -0.41424, -0.064189, -0.191629, -0.276911, -0.096246, -0.023953]"
3756_3358__radial__exp4,3756_3358,radial,exp4,2.0,22,"[null, null, null, null, null, null, null, null, 0.577286, 0.577286, null, null, null, null, null, null, null, -0.149781, -0.149781, null, null, null]"
3760_5697__angular__exp1,3760_5697,angular,exp1,2.0,22,"[0.078788, -0.148806, -0.137972, -0.100525, -0.175236, -0.299719, -0.387764, -0.279892, -0.228971, -0.485707, -0.628374, -0.23383, -0.405994, -0.25347, -0.155859, -0.572363, -0.275518, 0.221405, -0.260012, -0.341269, -0.239277, -0.564128]"
3760_5697__radial__exp1,3760_5697,radial,exp1,2.0,22,"[0.782466, 0.568335, -0.0, -0.113696, -0.151052, null, -0.145125, -0.237544, -0.186678, null, -0.258426, -0.335208, null, -0.163437, -0.135116, -0.088189, 0.023398, 0.327618, -0.0, -0.110214, -0.136664, -0.162772]"
3760_5697__angular__exp2,3760_5697,angular,exp2,2.0,22,"[-0.864338, -0.556273, -0.233484, -0.432861, -0.078052, -0.127342, -0.736478, -0.76784, -0.568889, -0.707643, -0.683962, -0.321057, -0.296839, -0.448681, 0.026547, 0.189126, -0.430411, -0.455148, 0.060209, -0.262928, -0.61093, -0.676922]"
3760_5697__angular__exp3,3760_5697,angular,exp3,2.0,22,"[0.130136, -0.228127, -0.273793, 0.200265, 0.625601, 0.195988, -0.223569, -0.30659, -0.324008, 0.400414, 0.540197, 0.180292, -0.064525, -0.156264, 0.22272, 0.388206, 0.267844, -0.193314, -0.129284, 0.110287, -0.070532, -0.368456]"
3760_5697__radial__exp3,3760_5697,radial,exp3,2.0,22,"[0.900329, 0.15945, -0.291766, 0.071347, 0.024496, 0.087718, -0.031429, -0.147302, -0.118697, -0.144232, 0.619329, 0.346215, 0.347411, 0.236505, 0.455895, -0.09466, -0.30076, -0.155694, -0.263389, -0.359424, -0.256785, 0.047294]"
3760_5697__angular__exp4,3760_5697,angular,exp4,2.0,22,"[-0.145817, -0.233132, -0.315002, -0.477287, 0.095117, 0.34652, -0.232801, -0.196562, -0.33279, 0.300036, 0.58533, 0.125079, -0.020638, -0.437834, -0.373119, -0.148458, -0.354425, -0.279329, -0.184791, -0.184902, -0.327225, -0.633737]"
3760_5697__radial__exp4,3760_5697,radial,exp4,2.0,22,"[null, null, null, null, null, null, null, null, -0.093581, -0.093581, null, null, null, null, null, null, null, 0.066232, 0.066232, null, null, null]"
3927_6884__angular__exp1,3927_6884,angular,exp1,2.0,22,"[-0.616661, -0.554408, -0.536211, -0.4001, -0.474811, -0.42164, -0.448989, -0.482609, -0.395289, -0.282935, -0.507501, -0.344284, -0.325451, -0.322182, 0.058428, -0.302702, -0.577669, -0.435554, -0.597017, -0.763782, -0.615794, -0.722301]"
3927_6884__angular__exp2,3927_6884,angular,exp2,2.0,22,"[0.025742, 0.130975, 0.058455, -0.377048, -0.678589, -0.774828, -0.775407, -0.776611, -0.601254, -0.45133, -0.494917, -0.500611, -0.379401, -0.357238, -0.459546, -0.010721, 0.247304, -0.094859, -0.161646, -0.471408, -0.667361, -0.499487]"
3927_6884__radial__exp2,3927_6884,radial,exp2,2.0,22,"[null, null, null, null, null, null, null, null, null, null, null, null, null, null, null, 0.0, 0.0, 0.0, 0.0, null, null, null]"
3927_6884__angular__exp3,3927_6884,angular,exp3,2.0,22,"[-0.661532, -0.063796, 0.13448, -0.011608, -0.221364, -0.376644, -0.552853, -0.218872, 0.022555, -0.282036, 0.097464, 0.047217, 0.002871, -0.158994, -0.342504, -0.012731, -0.146883, -0.218086, -0.465153, -0.462789, -0.097858, 0.145655]"
3927_6884__radial__exp3,3927_6884,radial,exp3,2.0,22,"[0.58858, -0.153605, -0.253564, -0.0, -0.0, -0.179191, -0.127384, -0.128846, -0.135682, -0.0, -0.109768, -0.155698, -0.216905, -0.154851, 0.625932, 0.034514, 0.087941, 0.311615, 0.514088, 0.070092, -0.227425, -0.241458]"
3927_6884__angular__exp4,3927_6884,angular,exp4,2.0,22,"[-0.318148, -0.026694, -0.293491, -0.304842, -0.287895, -0.577261, -0.533719, -0.574241, -0.503179, -0.364593, -0.22553, -0.394199, -0.273038, -0.249192, -0.506499, -0.381865, -0.380426, -0.34017, -0.50714, -0.639579, -0.267934, -0.162516]"
3927_6884__radial__exp4,3927_6884,radial,exp4,2.0,22,"[null, null, null, null, null, null, null, null, 0.26932, 0.26932, null, null, null, null, null, null, null, 0.712231, 0.712231, null, null, null]"
4288_5882__angular__exp1,4288_5882,angular,exp1,2.0,22,"[0.182471, 0.254803, -0.054814, -0.296984, -0.252456, -0.215594, -0.050831, -0.041679, 0.005716, 0.158602, -0.131407, -0.058059, 0.016593, -0.210783, -0.227652, 0.040049, 0.110562, -0.04808, 0.114198, -0.146792, -0.657836, -0.519237]"
4288_5882__radial__exp1,4288_5882,radial,exp1,2.0,22,"[null, null, null, -0.086949, -0.170379, -0.142397, 0.0, 0.0, -0.164361, null, -0.152674, -0.152674, 0.382909, -0.157591, -0.204673, 0.292446, 0.838997, null, null, null, -0.077991, 0.563928]"
4288_5882__angular__exp2,4288_5882,angular,exp2,2.0,22,"[-0.193457, -0.204159, 0.285231, 0.196946, -0.217388, 0.078416, -0.030611, -0.318105, -0.076083, 0.252835, 0.128343, -0.282471, -0.569096, -0.236182, -0.061382, -0.011879, -0.353178, -0.543642, -0.708641, -0.709462, -0.268873, -0.382642]"
4288_5882__radial__exp2,4288_5882,radial,exp2,2.0,22,"[null, null, null, null, null, null, null, null, -0.0, -0.0, null, null, null, null, null, null, null, 0.0, 0.0, null, null, null]"
4288_5882__angular__exp3,4288_5882,angular,exp3,2.0,22,"[-0.529417, -0.037727, 0.362504, 0.218755, 0.177396, 0.394905, 0.297655, -0.273532, -0.48534, -0.455077, -0.271437, -0.19882, -0.312352, -0.280616, -0.202301, 0.222046, 0.404308, 0.409102, 0.043955, 0.080636, 0.49961, 0.463966]"
4288_5882__radial__exp3,4288_5882,radial,exp3,2.0,22,"[0.754046, 0.325867, 0.000823, 0.028552, 0.082482, 0.133353, -0.32544, -0.299637, 0.099739, 0.44659, 0.444036, 0.165689, 0.331387, 0.25156, 0.294535, 0.701689, 0.278091, -0.155298, -0.35371, 0.370061, 0.795113, -0.126032]"
4288_5882__angular__exp4,4288_5882,angular,exp4,2.0,22,"[-0.465993, 0.042578, -0.159323, -0.391036, -0.430495, -0.494656, -0.184261, -0.09877, -0.368485, -0.273625, 0.100701, -0.197252, -0.515503, -0.516423, -0.602416, -0.45807, -0.607149, -0.317577, 0.146907, -0.323358, -0.570242, -0.521771]"
4288_5882__radial__exp4,4288_5882,radial,exp4,2.0,22,"[null, null, null, null, null, null, null, null, 0.966355, 0.966355, null, null, null, null, null, null, null, 0.875056, 0.875056, null, null, null]"
4445_7636__angular__exp1,4445_7636,angular,exp1,2.0,22,"[-0.322221, -0.500604, -0.451391, -0.287578, -0.584719, -0.464983, -0.1958, -0.431754, -0.469874, -0.27657, -0.109574, -0.249083, -0.1791, 0.122922, 0.151385, 0.005134, -0.374423, -0.705318, -0.68426, -0.504106, -0.019649, -0.241726]"
4445_7636__radial__exp1,4445_7636,radial,exp1,2.0,22,"[null, 0.0, null, null, null, null, 0.0, 0.0, 0.168598, 0.0, null, null, null, null, null, null, null, null, null, null, null, null]"
4445_7636__angular__exp2,4445_7636,angular,exp2,2.0,22,"[0.014717, -0.49977, -0.380608, -0.4342, -0.630405, -0.448526, -0.464526, -0.899879, -0.449892, -0.420205, -0.86115, -0.716769, -0.501539, -0.530564, -0.620091, -0.663935, -0.807237, -0.5474, -0.553505, -0.733694, -0.638991, -0.555926]"
4445_7636__angular__exp3,4445_7636,angular,exp3,2.0,22,"[0.132186, 0.127603, -0.559878, -0.60008, -0.408971, -0.444441, -0.28235, -0.06305, -0.175696, 0.028262, 0.372677, 0.448174, 0.200895, -0.117661, -0.0863, 0.015719, 0.291246, 0.53075, 0.103985, 0.06396, 0.412957, 0.264316]"
4445_7636__radial__exp3,4445_7636,radial,exp3,2.0,22,"[0.0, null, null, null, -0.0, 0.0, -0.0, -0.0, null, -0.074722, -0.123155, null, null, null, null, null, null, null, null, null, null, null]"
4445_7636__angular__exp4,4445_7636,angular,exp4,2.0,22,"[-0.172482, -0.076894, -0.28302, -0.312773, 0.13214, -0.450166, -0.515875, -0.014142, -0.165362, -0.44819, -0.514476, -0.495994, -0.441136, -0.272877, -0.316868, -0.566269, -0.424296, -0.457384, -0.427692, -0.179559, -0.008008, -0.555854]"
4445_7636__radial__exp4,4445_7636,radial,exp4,2.0,22,"[null, null, null, null, null, null, null, null, null, null, null, null, null, null, null, null, null, null, -0.0, -0.0, null, null]"
4707_3603__angular__exp1,4707_3603,angular,exp1,2.0,22,"[-0.402343, -0.225331, -0.349554, -0.420865, -0.273227, -0.116713, -0.355674, -0.219754, -0.177202, -0.189225, -0.040049, 0.159277, -0.09407, -0.233267, -0.160052, -0.041899, 0.349422, 0.52269, 0.184552, -0.356385, -0.062432, 0.105173]"
4707_3603__radial__exp1,4707_3603,radial,exp1,2.0,22,"[-0.271388, -0.531371, -0.160178, 0.069629, 0.496117, 0.854083, 0.576393, 0.213363, -0.208493, 0.356559, -0.050141, -0.367063, -0.273014, 0.391132, -0.282394, -0.448735, -0.021323, -0.164221, -0.253666, -0.37764, -0.018842, 0.013678]"
4707_3603__angular__exp2,4707_3603,angular,exp2,2.0,22,"[0.368599, 0.399755, -0.51902, -0.847824, -0.731324, -0.840441, -0.823075, -0.833317, -0.755358, -0.236205, 0.155635, 0.109161, -0.365499, -0.258167, 0.075915, -0.071282, -0.751204, -0.795876, -0.186348, -0.439744, -0.706246, 0.236402]"
4707_3603__radial__exp2,4707_3603,radial,exp2,2.0,22,"[null, null, null, null, null, null, null, null, 0.905843, 0.905843, null, null, null, null, null, null, null, 0.325117, 0.325117, null, null, null]"
4707_3603__angular__exp3,4707_3603,angular,exp3,2.0,22,"[-0.533607, 0.100387, 0.155581, -0.128049, -0.382732, -0.137022, 0.004625, 0.004724, -0.187138, -0.831945, -0.920942, -0.405953, 0.046659, -0.228637, 0.200912, 0.601454, 0.090646, 0.116077, 0.291068, 0.239796, 0.371291, 0.308912]"
4707_3603__radial__exp3,4707_3603,radial,exp3,2.0,22,"[0.895182, 0.684985, 0.358753, -0.393316, -0.098278, 0.617471, 0.639211, 0.774187, 0.637275, 0.533663, 0.893585, 0.283665, -0.405094, 0.333943, 0.814673, 0.683081, 0.407693, 0.24345, -0.051976, 0.124117, 0.325087, 0.283788]"
4707_3603__angular__exp4,4707_3603,angular,exp4,2.0,23,"[0.152458, 0.092725, -0.59989, -0.872663, -0.352973, -0.209204, -0.602087, -0.443699, -0.19096, -0.441921, -0.64641, -0.865808, -0.884889, -0.822382, -0.874036, -0.318284, -0.250992, -0.786323, 0.180169, -0.021554, -0.753208, -0.930843, -0.873722]"
4707_3603__radial__exp4,4707_3603,radial,exp4,2.0,23,"[null, null, null, null, null, null, null, null, null, null, null, null, null, null, null, null, null, 0.827805, 0.827805, null, null, null, null]"
5201_9485__angular__exp1,5201_9485,angular,exp1,2.0,22,"[0.138248, -0.040344, -0.266375, -0.096906, -0.238689, -0.246758, -0.409586, -0.343384, 0.099756, -0.023427, -0.120201, -0.143142, -0.126044, 0.039044, 0.102734, -0.064987, -0.528717, -0.463406, -0.098634, -0.005554, -0.120918, 0.03306]"
5201_9485__radial__exp1,5201_9485,radial,exp1,2.0,22,"[0.811652, -0.12393, 0.179048, 0.16126, 0.190274, -0.0, -0.0, 0.0, -0.216107, -0.289845, 0.259805, -0.008858, -0.26482, -0.343419, -0.250578, 0.248806, 0.358226, -0.072565, -0.190915, 0.027503, 0.04454, null]"
5201_9485__angular__exp2,5201_9485,angular,exp2,2.0,22,"[-0.55276, -0.894143, -0.875478, -0.877237, -0.854294, -0.804564, -0.77818, -0.381654, -0.058409, -0.055815, -0.056303, -0.429973, -0.674705, -0.684978, -0.605637, -0.405856, -0.471469, -0.217729, -0.340435, -0.261009, -0.254336, -0.224527]"
5201_9485__radial__exp2,5201_9485,radial,exp2,2.0,22,"[null, null, null, null, null, null, null, null, 0.276571, 0.276571, null, null, null, null, null, null, null, -0.087744, -0.087744, -2e-06, -2e-06, null]"
5201_9485__angular__exp3,5201_9485,angular,exp3,2.0,22,"[-0.55276, -0.894143, -0.875478, -0.877237, -0.854294, -0.804564, -0.77818, -0.381654, -0.058409, -0.055815, -0.056303, -0.429973, -0.674705, -0.684978, -0.605637, -0.405856, -0.471469, -0.217729, -0.340435, -0.261009, -0.254336, -0.224527]"
5201_9485__radial__exp3,5201_9485,radial,exp3,2.0,22,"[null, null, null, null, null, null, null, null, 0.276571, 0.276571, null, null, null, null, null, null, null, -0.087744, -0.087744, -2e-06, -2e-06, null]"
5201_9485__angular__exp4,5201_9485,angular,exp4,2.0,22,"[-0.756935, -0.32765, -0.330982, -0.616822, -0.300906, 0.184812, -0.159063, -0.52104, -0.628808, -0.495586, -0.442823, -0.314928, -0.016554, -0.082742, -0.473343, -0.27855, -0.108114, -0.203411, -0.315694, -0.293684, -0.381277, -0.252616]"
5201_9485__radial__exp4,5201_9485,radial,exp4,2.0,22,"[null, null, null, null, null, null, null, null, 0.94247, 0.94247, null, null, null, null, null, null, null, 0.5078, 0.5078, null, null, null]"
5664_0764__angular__exp1,5664_0764,angular,exp1,2.0,22,"[-0.172235, -0.288526, -0.460367, -0.438738, -0.479653, -0.5743, -0.041128, -0.051737, -0.068177, -0.178026, -0.220524, -0.082043, -0.583743, -0.539342, -0.196564, -0.310911, -0.360983, -0.299326, -0.213952, -0.256718, -0.535964, -0.563833]"
5664_0764__radial__exp1,5664_0764,radial,exp1,2.0,22,"[0.50131, 0.344234, null, null, null, null, null, -0.136926, 0.375229, 0.968226, -0.083497, -0.172832, -0.138009, -0.0, 0.460883, 0.3408, -0.0, -0.0, -0.0, 0.0, null, null]"
5664_0764__angular__exp2,5664_0764,angular,exp2,2.0,22,"[-0.500473, -0.493804, -0.260035, -0.28688, -0.315179, -0.344693, -0.047315, 0.00922, -0.391299, -0.521759, -0.401682, -0.339459, -0.166573, -0.365083, -0.528283, -0.256288, -0.0369, -0.381502, -0.628003, -0.62926, -0.44365, 0.062722]"
5664_0764__angular__exp3,5664_0764,angular,exp3,2.0,22,"[-0.396715, -0.352473, -0.39895, -0.190588, -0.105447, 0.109882, 0.260438, 0.219245, 0.286941, 0.262403, 0.315575, 0.281331, 0.146108, -0.28094, -0.485658, 0.000844, 0.603792, -0.220149, -0.385057, -0.443086, -0.26546, -0.0653]"
5664_0764__radial__exp3,5664_0764,radial,exp3,2.0,22,"[0.855864, 0.44368, 0.295759, null, null, null, null, null, null, null, null, null, null, null, null, null, -0.0, 0.0, 0.062462, 0.283189, 0.196159, -0.150157]"
5664_0764__angular__exp4,5664_0764,angular,exp4,2.0,22,"[-0.731545, -0.871541, -0.513793, -0.015514, 0.103561, 0.042811, -0.066767, -0.09201, 0.165177, 0.487966, 0.357672, 0.274307, 0.107984, -0.385586, -0.246561, -0.3045, -0.095421, 0.035731, -0.071848, -0.176089, -0.425171, -0.312049]"
5664_0764__radial__exp4,5664_0764,radial,exp4,2.0,22,"[null, null, null, null, null, null, null, null, 0.757822, 0.757822, null, null, null, null, null, null, null, 0.267934, 0.267934, null, null, null]"
5745_6693__angular__exp1,5745_6693,angular,exp1,2.0,22,"[-0.660481, -0.459005, -0.048443, 0.096012, -0.075186, 0.070467, -0.003829, -0.11355, -0.078523, -0.362682, -0.645679, -0.563213, -0.478528, -0.339477, -0.14101, -0.051788, 0.042704, 0.09772, 0.158772, -0.09684, -0.157753, -0.312965]"
5745_6693__radial__exp1,5745_6693,radial,exp1,2.0,22,"[null, -0.267215, -0.337885, -0.333723, -0.406065, -0.326168, -0.173108, null, 0.697585, 0.640615, 0.480023, -0.250887, -0.283321, -0.177917, 0.152666, -0.317245, -0.320732, -0.134546, 0.178877, 0.068823, 0.180094, -0.004706]"
5745_6693__angular__exp2,5745_6693,angular,exp2,2.0,22,"[-0.464558, -0.806433, -0.928992, -0.303008, -0.343916, -0.84828, -0.583682, -0.541857, -0.554001, -0.39797, -0.588478, -0.32551, -0.058659, -0.233174, -0.375082, -0.710998, -0.74691, -0.50808, -0.413419, -0.77799, -0.834277, -0.740706]"
5745_6693__radial__exp2,5745_6693,radial,exp2,2.0,22,"[null, null, null, null, null, null, null, null, null, null, null, null, null, null, null, null, null, 0.0, 0.0, null, null, null]"
5745_6693__angular__exp3,5745_6693,angular,exp3,2.0,22,"[-0.342596, 0.297129, 0.111006, 0.325836, 0.525541, 0.292075, 0.182131, 0.169355, 0.149375, -0.093096, -0.056864, 0.012617, -0.406109, -0.178256, -0.187816, -0.601575, -0.42101, 0.131506, -0.258117, -0.068749, -0.17419, -0.460318]"
5745_6693__radial__exp3,5745_6693,radial,exp3,2.0,22,"[-0.122493, -0.302026, 0.088201, 0.290315, 0.441203, 0.755608, 0.810572, 0.586656, -0.022684, 0.777172, 0.257216, 0.1619, 0.304781, 0.05681, -0.332136, -0.250354, 0.54929, 0.24144, 0.087641, 0.509197, 0.338955, -0.235967]"
5745_6693__angular__exp4,5745_6693,angular,exp4,2.0,22,"[-0.238401, -0.314411, -0.525388, -0.714218, -0.41617, -0.233297, -0.38933, -0.133235, -0.387089, -0.776055, -0.249963, 0.058411, -0.213065, 0.007857, -0.269155, -0.453841, -0.488006, -0.231216, 0.44779, -0.153206, -0.204223, 0.02031]"
5745_6693__radial__exp4,5745_6693,radial,exp4,2.0,22,"[null, null, null, null, null, null, null, null, 0.931315, 0.931315, null, null, null, null, null, null, null, 0.982891, 0.982891, null, null, null]"
5789_8940__angular__exp1,5789_8940,angular,exp1,2.0,22,"[0.323167, 0.268292, -0.095611, -0.017495, -0.154836, -0.382336, -0.20132, -0.106758, -0.04571, -0.288732, -0.340285, -0.084543, -0.330053, -0.716633, 0.14061, 0.097257, -0.280425, -0.277746, -0.680321, 0.036546, 0.021676, -0.187354]"
5789_8940__radial__exp1,5789_8940,radial,exp1,2.0,22,"[0.0, -0.0, null, null, null, null, null, null, null, null, -0.153174, -0.0, null, null, null, null, null, null, null, null, null, null]"
5789_8940__angular__exp2,5789_8940,angular,exp2,2.0,22,"[-0.52333, -0.390751, -0.110379, -0.371704, -0.476508, -0.663634, -0.438039, 0.127426, -0.12729, -0.265473, -0.211833, -0.330596, -0.258775, -0.299913, -0.545336, -0.776133, -0.848379, -0.664684, 0.209065, 0.563454, 0.386036, 0.174748]"
5789_8940__angular__exp3,5789_8940,angular,exp3,2.0,22,"[-0.30381, -0.115186, 0.003863, -0.021811, -0.136501, -0.106651, 0.105092, -0.004374, -0.343023, -0.272626, -0.160488, -0.42173, -0.22536, 0.061285, 0.293919, 0.311427, -0.285271, -0.426134, 0.08593, -0.09554, -0.112117, 0.25771]"
5789_8940__radial__exp3,5789_8940,radial,exp3,2.0,22,"[null, 0.030342, 0.185914, 0.34031, 0.140016, -0.092247, 0.621718, 0.741503, 0.726042, 0.284786, -0.334193, 0.152383, 0.299381, 0.436858, 0.24638, -0.198094, 0.387906, 0.602132, 0.361882, 0.65585, 0.453993, -0.098851]"
5789_8940__angular__exp4,5789_8940,angular,exp4,2.0,22,"[null, null, null, null, 0.191176, -0.541212, -0.526194, -0.405576, -0.265968, 0.142656, 0.064304, -0.326374, -0.325904, -0.048048, -0.396295, -0.120997, 0.123578, -0.586713, -0.628011, -0.021026, 0.126396, -0.313949]"
5789_8940__radial__exp4,5789_8940,radial,exp4,2.0,22,"[null, null, null, null, null, null, null, null, null, null, null, null, null, null, null, null, null, 0.735228, 0.735228, null, null, null]"
5851_5959__angular__exp1,5851_5959,angular,exp1,2.0,22,"[-0.503551, -0.475174, -0.449284, -0.242468, -0.158111, 0.049063, 0.160043, 0.135581, 0.178394, -0.114574, -0.297373, -0.488199, -0.451124, -0.484631, -0.14466, -0.517115, -0.480152, 0.217412, -0.019215, -0.388391, -0.61211, -0.575766]"
5851_5959__radial__exp1,5851_5959,radial,exp1,2.0,22,"[null, -0.155864, -0.06711, -0.096276, 0.390465, 0.499819, 0.58602, -0.136268, -0.17736, -0.168085, -0.011413, 0.103142, 0.422826, -0.083898, null, null, -0.117426, -0.299282, -0.233074, 0.558107, 0.786889, 0.405965]"
5851_5959__angular__exp2,5851_5959,angular,exp2,2.0,22,"[-0.747587, -0.869837, -0.626553, -0.211882, -0.458986, -0.635616, -0.367902, -0.066628, -0.33561, -0.391663, -0.622658, -0.827408, -0.592423, -0.527944, -0.765222, -0.460868, -0.45728, -0.666179, -0.666352, -0.795451, -0.753084, -0.679379]"
5851_5959__radial__exp2,5851_5959,radial,exp2,2.0,22,"[null, null, null, null, null, null, null, null, -0.0, -0.0, null, null, null, null, null, null, null, -0.076949, -0.076949, null, null, null]"
5851_5959__angular__exp3,5851_5959,angular,exp3,2.0,22,"[0.19252, -0.248535, -0.333622, -0.495413, -0.601173, -0.48884, -0.261273, -0.111916, 0.110645, 0.174868, 0.100088, 0.131883, 0.11337, 0.049057, 0.042555, 0.140269, 0.151157, 0.066827, -0.088513, -0.075628, 0.102717, -0.208115]"
5851_5959__radial__exp3,5851_5959,radial,exp3,2.0,22,"[0.645036, 0.4339, 0.730721, 0.902403, 0.665729, 0.309451, -0.36517, -0.362313, -0.268554, -0.165982, 0.366208, -0.077475, -0.490927, -0.28554, -0.159011, -0.145482, 0.058058, -0.252256, 0.453207, 0.258484, 0.867405, 0.40601]"
5851_5959__angular__exp4,5851_5959,angular,exp4,2.0,22,"[-0.265951, -0.216516, -0.253555, 0.07125, -0.324161, -0.620641, -0.486153, -0.147131, -0.42859, -0.495761, -0.393179, -0.26055, -0.169988, -0.248866, -0.034713, -0.003371, -0.292808, -0.403539, -0.586663, -0.591181, -0.04048, -0.349638]"
5851_5959__radial__exp4,5851_5959,radial,exp4,2.0,22,"[null, null, null, null, null, null, null, null, null, -0.0, null, null, null, null, null, null, null, -0.0, -0.0, null, null, null]"
6278_2987__angular__exp1,6278_2987,angular,exp1,2.0,22,"[-0.045961, -0.264646, -0.376589, 0.031167, -0.356016, -0.534931, -0.296676, -0.003536, 0.492933, 0.345454, -0.105807, 0.197579, 0.115127, -0.306774, -0.385028, -0.13163, 0.176893, 0.214158, -0.414247, 0.112303, 0.352371, 0.066878]"
6278_2987__radial__exp1,6278_2987,radial,exp1,2.0,22,"[null, null, -0.0, -0.0, -0.149459, 0.629492, 0.213868, -0.0, -0.0, 0.0, -0.29702, -0.0, 0.0, 0.682721, 0.016813, -0.033109, 0.138715, -0.0, -0.0, -0.012334, 0.006389, -0.0]"
6278_2987__angular__exp2,6278_2987,angular,exp2,2.0,22,"[-0.696496, -0.334494, -0.122319, -0.336486, -0.50882, -0.542638, -0.505805, -0.456738, -0.200788, 0.257839, 0.416633, 0.397567, -0.065463, 0.122355, 0.336223, -0.038407, -0.435931, -0.530913, 0.013329, -0.0347, -0.305353, -0.166662]"
6278_2987__angular__exp3,6278_2987,angular,exp3,2.0,22,"[0.208217, 0.12659, -0.096579, -0.340765, -0.08111, 0.06346, -0.247132, -0.550345, -0.48415, -0.00834, 0.346084, 0.341912, -0.130387, 0.126873, 0.334274, 0.114732, 0.196666, -0.287805, -0.610829, -0.63362, -0.428767, -0.143748]"
6278_2987__radial__exp3,6278_2987,radial,exp3,2.0,22,"[-0.119593, -0.384864, -0.244858, -0.121794, -0.083569, -0.211947, -0.301916, 0.179425, -0.048091, -0.345458, -0.119578, 0.149744, 0.251931, 0.719629, 0.558856, 0.309458, 0.694514, 0.912503, 0.738769, 0.641756, -0.332232, -0.352299]"
6278_2987__angular__exp4,6278_2987,angular,exp4,2.0,22,"[-0.215986, -0.456937, -0.432833, -0.399308, -0.430498, -0.221385, 0.138959, 0.246317, -0.004143, -0.613902, -0.584678, -0.341234, -0.337506, -0.175443, 0.292105, -0.098358, -0.222427, -0.077528, 0.088147, 0.058552, -0.314071, -0.288582]"
6278_2987__radial__exp4,6278_2987,radial,exp4,2.0,22,"[null, null, null, null, null, null, null, null, 0.312599, 0.312599, null, null, null, null, null, null, null, 0.165457, 0.165457, null, null, null]"
6974_9126__angular__exp1,6974_9126,angular,exp1,2.0,22,"[-0.182247, -0.351314, -0.244274, -0.361075, -0.387721, -0.206894, -0.010837, -0.243831, -0.30781, 0.163777, 0.521791, 0.044251, -0.331405, -0.545805, -0.203474, -0.575759, -0.64176, -0.015425, -0.261498, -0.026392, 0.018561, -0.241572]"
6974_9126__radial__exp1,6974_9126,radial,exp1,2.0,22,"[0.522808, 0.267816, 0.037292, 0.233769, 0.522666, 0.584893, -0.381827, -0.288769, -0.320493, 0.46767, 0.784911, -0.196673, 0.31717, 0.393213, -0.340998, -0.204201, -0.230283, -0.224969, 0.489052, 0.904792, 0.41934, 0.11556]"
6974_9126__angular__exp2,6974_9126,angular,exp2,2.0,22,"[-0.66505, -0.245898, -0.353312, -0.76174, -0.776978, -0.769849, -0.622185, -0.385845, -0.343302, -0.446054, -0.615942, -0.09996, -0.423304, -0.753057, -0.744043, -0.368905, -0.502684, -0.359331, 0.185289, -0.43592, -0.711405, -0.211771]"
6974_9126__radial__exp2,6974_9126,radial,exp2,2.0,22,"[null, null, null, null, null, null, null, null, -0.154356, -0.152252, null, null, null, null, null, null, null, -0.0, -0.0, null, null, null]"
6974_9126__angular__exp3,6974_9126,angular,exp3,2.0,22,"[-0.32549, -0.116073, 0.060324, 0.012631, -0.011748, -0.136021, -0.157966, 0.145511, -0.136033, -0.249442, -0.113342, -0.076685, -0.144834, 0.103328, 0.113599, -0.140426, 0.054912, -0.221974, -0.449921, 0.365864, 0.451387, -0.276894]"
6974_9126__radial__exp3,6974_9126,radial,exp3,2.0,22,"[0.271629, -0.083675, -0.089874, 0.170042, 0.559824, 0.480187, 0.28809, 0.162598, -0.27834, -0.158786, 0.071666, 0.060466, 0.105891, -0.310716, 0.104202, 0.383279, 0.20163, 0.069257, 0.749773, 0.759756, 0.402727, 0.538046]"
6974_9126__angular__exp4,6974_9126,angular,exp4,2.0,22,"[-0.411093, -0.259597, -0.528719, -0.318495, -0.072053, -0.501105, -0.630591, -0.39745, -0.4844, -0.524154, -0.25449, -0.194761, -0.560841, -0.557484, -0.399737, -0.081227, -0.005057, -0.376356, -0.277953, -0.10533, -0.525108, -0.444703]"
6974_9126__radial__exp4,6974_9126,radial,exp4,2.0,22,"[null, null, null, null, null, null, null, null, 0.261615, 0.261615, null, null, null, null, null, null, null, 0.563809, 0.563809, null, null, null]"
7271_2723__angular__exp1,7271_2723,angular,exp1,2.0,22,"[-0.564252, -0.020254, -0.111683, -0.429086, -0.637936, -0.459872, -0.059285, 0.071579, 0.241685, 0.175422, -0.208494, -0.33723, -0.017957, -0.149014, -0.57919, -0.594286, -0.340269, -0.255311, -0.145235, -0.153234, -0.345711, -0.18217]"
7271_2723__radial__exp1,7271_2723,radial,exp1,2.0,22,"[-0.191919, -0.351365, -0.297887, 0.247526, 0.04059, -0.282506, -0.361097, -0.307053, -0.115966, 0.53422, 0.590596, -0.049118, -0.091896, -0.217785, null, null, -0.140922, -0.216137, -0.648209, null, null, null]"
7271_2723__angular__exp2,7271_2723,angular,exp2,2.0,22,"[-0.356831, -0.412746, -0.56181, -0.553877, -0.733764, -0.783333, -0.547134, -0.613655, -0.629607, -0.441113, -0.476686, 0.231982, 0.004426, -0.607363, -0.642947, -0.581809, -0.464814, -0.104165, 0.138927, -0.574853, -0.556077, -0.508776]"
7271_2723__radial__exp2,7271_2723,radial,exp2,2.0,22,"[null, null, null, null, null, null, null, null, -0.121148, -0.121148, null, null, null, null, null, null, null, -0.148006, -0.148006, null, null, null]"
7271_2723__angular__exp3,7271_2723,angular,exp3,2.0,22,"[-0.21904, -0.301406, -0.456913, 0.085478, 0.147286, -0.118947, -0.267568, -0.066944, -0.214132, -0.243944, -0.214886, 0.073279, -0.198901, -0.414028, -0.306392, -0.210212, 0.564606, 0.798943, 0.596844, 0.052202, -0.269684, -0.342669]"
7271_2723__radial__exp3,7271_2723,radial,exp3,2.0,22,"[0.312315, -0.037784, -0.071082, -0.078103, 0.288287, 0.418314, 0.146194, -0.327843, -0.339079, -0.161321, 0.080028, 0.27146, 0.596214, 0.521825, 0.542026, 0.14783, 0.034581, 0.153069, 0.518924, 0.321741, 0.380949, 0.378988]"
7271_2723__angular__exp4,7271_2723,angular,exp4,2.0,22,"[-0.282747, -0.219265, -0.425345, -0.293992, -0.387942, -0.161808, -0.181936, -0.605846, -0.566651, -0.576032, -0.439635, -0.095126, -0.040319, -0.155703, -0.421016, -0.253198, -0.145421, -0.295808, -0.045716, -0.03533, -0.037654, -0.099216]"
7271_2723__radial__exp4,7271_2723,radial,exp4,2.0,22,"[null, null, null, null, null, null, null, null, 0.962582, 0.962582, null, null, null, null, null, null, null, 0.870607, 0.870607, null, null, null]"
7293_4474__angular__exp1,7293_4474,angular,exp1,2.0,22,"[-0.805953, -0.297424, 0.432574, 0.114704, -0.284455, -0.25093, -0.205283, -0.123508, -0.155036, -0.235894, 0.349322, -0.032456, -0.386734, 0.432972, -0.369318, -0.490637, -0.175038, -0.208664, -0.248767, -0.362232, -0.07365, -0.01041]"
7293_4474__radial__exp1,7293_4474,radial,exp1,2.0,22,"[null, -0.086629, -0.118225, -0.065164, -0.20918, -0.140682, -0.145739, -0.225914, -0.169806, 0.077276, 0.126606, -0.116619, -0.155703, 0.085165, 0.813572, -0.0, -0.101505, 0.846405, 0.879308, -0.11195, -0.170303, -0.159219]"
7293_4474__angular__exp2,7293_4474,angular,exp2,2.0,22,"[0.0578, 0.085898, 0.093447, -0.252773, -0.304598, -0.366003, -0.580219, -0.734033, -0.42045, -0.357643, -0.658216, -0.412215, 0.202592, 0.330119, -0.459664, -0.812315, -0.706067, -0.363811, -0.356418, -0.556608, -0.276992, -0.409419]"
7293_4474__radial__exp2,7293_4474,radial,exp2,2.0,22,"[null, null, null, null, null, null, null, null, -0.137087, -0.137087, null, null, null, null, null, null, null, null, null, null, null, null]"
7293_4474__angular__exp3,7293_4474,angular,exp3,2.0,22,"[-0.570346, 0.195441, 0.361715, 0.13773, -0.151694, -0.586938, -0.088371, -0.080423, -0.116348, 0.115555, 0.065046, 0.0517, -0.47564, 0.002896, 0.281215, -0.270768, -0.30135, -0.409732, -0.355965, -0.012786, 0.289868, 0.377509]"
7293_4474__radial__exp3,7293_4474,radial,exp3,2.0,22,"[-0.154934, -0.012284, 0.165973, -0.353221, -0.377192, -0.292358, 0.227876, -0.002602, -0.319791, -0.119193, -0.060953, -0.049582, -0.225784, -0.102769, 0.295784, 0.816845, -0.101783, -0.352192, -0.349626, 0.607407, 0.570468, -0.217581]"
7293_4474__angular__exp4,7293_4474,angular,exp4,2.0,22,"[-0.298358, -0.445446, -0.728322, -0.688664, -0.189405, -0.456445, -0.454957, -0.34024, -0.289685, 0.235647, -0.152888, -0.4424, 0.018531, -0.205679, -0.446915, -0.491315, -0.485856, -0.524261, -0.518397, -0.488284, -0.569032, -0.721135]"
7293_4474__radial__exp4,7293_4474,radial,exp4,2.0,22,"[null, null, null, null, null, null, null, null, 0.918652, 0.918652, null, null, null, null, null, null, null, -0.13256, -0.13256, null, null, null]"
7380_2364__angular__exp1,7380_2364,angular,exp1,2.0,22,"[-0.484472, 0.092226, 0.241704, 0.397219, 0.401594, 0.131369, -0.375376, -0.498925, -0.18167, -0.122291, -0.217723, -0.101749, 0.039949, 0.115082, -0.041896, -0.2704, -0.266195, -0.521518, -0.45805, -0.441596, -0.709912, -0.254572]"
7380_2364__radial__exp1,7380_2364,radial,exp1,2.0,22,"[-0.0, -0.158731, -0.155202, -0.234152, -0.148386, null, null, 0.0, 0.0, -0.081764, -0.1398, -0.091481, null, null, 0.076626, -0.147791, -0.108525, -0.099248, -0.099076, 0.622312, 0.646184, -0.149605]"
7380_2364__angular__exp2,7380_2364,angular,exp2,2.0,22,"[-0.286913, -0.621835, -0.682028, -0.751377, -0.572584, -0.286296, -0.55147, -0.721234, -0.479767, -0.079737, -0.33924, -0.556189, -0.467451, -0.495002, -0.268544, -0.407016, -0.153772, 0.091303, 0.144777, 0.449735, 0.466229, 0.41503]"
7380_2364__angular__exp3,7380_2364,angular,exp3,2.0,22,"[0.277147, -0.378395, -0.195921, 0.130493, -0.378926, -0.550274, -0.648436, -0.315938, 0.046261, -0.020301, 0.082255, -0.342657, -0.587036, 0.067366, -0.52063, -0.442496, -0.165505, -0.054681, -0.359525, -0.528997, -0.509574, -0.267828]"
7380_2364__radial__exp3,7380_2364,radial,exp3,2.0,22,"[0.740972, 0.621458, 0.452991, 0.213745, 0.242038, 0.634283, 0.450981, 0.685547, 0.915363, 0.889532, 0.521767, 0.544822, 0.920689, 0.686498, 0.686396, 0.499835, 0.781057, 0.81656, 0.369488, -0.055029, -0.25709, -0.283053]"
7380_2364__angular__exp4,7380_2364,angular,exp4,2.0,22,"[-0.32812, -0.075844, -0.173452, 0.021976, -0.603555, -0.515547, -0.098015, -0.119853, -0.196616, -0.589795, -0.47137, -0.466095, -0.643924, null, null, null, -0.272184, 0.067539, 0.365373, 0.059026, 0.043296, -0.155859]"
7380_2364__radial__exp4,7380_2364,radial,exp4,2.0,22,"[null, null, null, null, null, null, null, null, -0.150439, -0.150439, null, null, null, null, null, null, null, 0.351907, 0.351907, null, null, null]"
7415_8588__angular__exp1,7415_8588,angular,exp1,2.0,22,"[-0.457651, 0.078587, -0.12332, -0.267473, 0.144907, 0.3306, -0.075703, -0.119183, -0.251309, -0.668702, -0.521203, 0.201626, 0.388378, -0.185978, -0.341216, 0.141571, 0.299408, 0.332163, 0.267811, -0.245765, -0.402639, -0.002421]"
7415_8588__radial__exp1,7415_8588,radial,exp1,2.0,22,"[0.001386, -0.194071, 0.491587, 0.880213, 0.368911, 0.067881, 0.447367, 0.834974, 0.968644, 0.969743, 0.0, 0.0, -0.172442, -0.151036, 0.056909, -0.167555, 0.345745, 0.368785, -0.177061, null, -0.211811, -0.187527]"
7415_8588__angular__exp2,7415_8588,angular,exp2,2.0,22,"[-0.106609, -0.437296, -0.768915, -0.67186, -0.722145, -0.425119, -0.100428, 0.13103, 0.447596, 0.166104, -0.469614, -0.384912, -0.205644, 0.013165, 0.311224, -0.404839, -0.466887, -0.394568, 0.244307, 0.471022, -0.388157, -0.753228]"
7415_8588__radial__exp2,7415_8588,radial,exp2,2.0,22,"[null, null, null, null, null, null, null, null, 0.911048, 0.911048, null, null, null, null, null, null, null, null, null, null, null, null]"
7415_8588__angular__exp3,7415_8588,angular,exp3,2.0,22,"[-0.049377, 0.032715, 0.003792, 0.251533, 0.454887, -0.44199, -0.541733, 0.202653, 0.329907, 0.553666, 0.427807, -0.613652, -0.317833, 0.057101, -0.106008, 0.336704, 0.254845, 0.110419, 0.151571, -0.367267, -0.531942, -0.416968]"
7415_8588__radial__exp3,7415_8588,radial,exp3,2.0,22,"[0.835832, 0.768189, -0.110456, -0.28484, 0.503341, 0.046902, -0.372994, -0.409568, -0.288224, -0.036384, 0.815889, 0.923371, 0.412818, -0.036381, 0.016821, 0.16426, -0.250015, -0.290542, 0.415556, 0.754072, 0.397636, 0.056513]"
7415_8588__angular__exp4,7415_8588,angular,exp4,2.0,22,"[-0.777747, -0.674041, -0.612161, -0.267919, 0.041388, -0.135009, -0.048884, 0.245403, -0.106936, -0.690984, -0.590713, -0.398739, -0.353754, -0.606167, -0.52032, 0.291493, 0.004213, -0.049478, 0.323725, 0.189191, -0.157575, 0.110719]"
7415_8588__radial__exp4,7415_8588,radial,exp4,2.0,22,"[null, null, null, null, null, null, null, null, 0.688138, 0.688138, null, null, null, null, null, null, null, 0.491028, 0.491028, null, null, null]"
7742_2258__angular__exp1,7742_2258,angular,exp1,2.0,22,"[-0.264718, 0.03352, 0.052003, -0.128132, 0.259053, 0.559951, 0.199293, 0.093162, -0.2494, -0.439253, 0.070742, -0.033328, 0.091721, 0.478053, 0.214001, -0.121085, -0.155335, 0.088618, 0.242167, 0.324273, 0.355115, 0.135925]"
7742_2258__radial__exp1,7742_2258,radial,exp1,2.0,22,"[-0.159584, -0.339388, -0.305071, -0.327078, -0.239371, -0.179304, null, null, null, -0.269355, -0.339851, -0.257902, -0.134504, -0.066435, null, -0.115169, -0.101847, 0.011441, -0.134271, 0.09662, -0.142359, -0.098194]"
7742_2258__angular__exp2,7742_2258,angular,exp2,2.0,22,"[-0.092332, 0.173286, -0.28233, -0.424015, -0.464742, -0.565723, -0.637147, -0.225589, 0.082282, -0.438412, -0.625475, -0.628644, -0.221681, -0.305687, -0.673739, -0.504652, -0.350301, -0.481145, -0.171716, 0.00995, -0.269021, -0.444945]"
7742_2258__radial__exp2,7742_2258,radial,exp2,2.0,22,"[null, null, null, null, null, null, null, null, -0.103711, -0.103711, null, null, null, null, null, null, null, -0.1709, -0.1709, null, null, null]"
7742_2258__angular__exp3,7742_2258,angular,exp3,2.0,22,"[0.315492, 0.026397, -0.170447, -0.193092, 0.124188, 0.168406, 0.182227, 0.313716, -0.028086, -0.106441, -0.322409, -0.331742, 0.04562, 0.360032, 0.185826, -0.344513, -0.454389, -0.292075, -0.163733, -0.335964, -0.40096, -0.535687]"
7742_2258__radial__exp3,7742_2258,radial,exp3,2.0,22,"[0.992262, 0.174626, -0.389784, -0.117736, 0.050812, 0.169807, -0.081139, -0.014349, 0.236705, -0.230563, -0.356439, -0.143864, 0.33736, 0.471671, 0.907144, 0.636923, 0.347931, -0.432782, -0.306824, 0.459252, 0.452711, 0.360037]"
7742_2258__angular__exp4,7742_2258,angular,exp4,2.0,22,"[-0.416965, -0.010628, 0.07634, 0.339299, -0.006167, -0.021425, null, null, 0.371625, 0.390566, 0.246777, -0.741087, -0.524265, -0.281274, 0.0, 0.0, 0.0, -0.003229, -0.249642, -0.491824, -0.61738, -0.618675]"
7742_2258__radial__exp4,7742_2258,radial,exp4,2.0,22,"[null, null, null, null, null, null, null, null, -0.0, -0.0, null, null, null, null, null, null, null, 0.246628, 0.246628, null, null, null]"
8135_5362__angular__exp1,8135_5362,angular,exp1,2.0,22,"[-0.881839, -0.299643, 0.22671, -0.330296, -0.703613, -0.725753, -0.15138, -0.038307, -0.425121, -0.43021, -0.486153, -0.290457, 0.128252, 0.083822, -0.03111, -0.029926, 0.164332, 0.319129, -0.424086, -0.608728, -0.421682, -0.587384]"
8135_5362__angular__exp2,8135_5362,angular,exp2,2.0,22,"[0.178212, 0.021703, -0.430933, -0.600035, -0.787964, -0.782869, -0.673331, -0.833428, -0.871413, -0.088827, -0.096256, -0.129194, 0.027098, -0.458756, -0.533259, -0.032333, -0.013151, -0.536876, -0.74944, -0.881522, -0.843107, -0.017654]"
8135_5362__radial__exp2,8135_5362,radial,exp2,2.0,22,"[null, null, null, null, null, null, null, null, 0.0, 0.0, null, null, null, null, null, null, null, 0.0, 0.0, null, null, null]"
8135_5362__angular__exp3,8135_5362,angular,exp3,2.0,22,"[-0.352658, -0.227091, -0.275533, -0.227481, -0.19424, -0.390641, -0.434034, 0.116568, 0.122546, -0.303518, -0.249616, 0.266091, 0.216237, 0.180683, 0.377998, 0.155962, 0.00618, -0.176596, -0.120558, -0.13338, -0.210484, -0.21952]"
8135_5362__radial__exp3,8135_5362,radial,exp3,2.0,22,"[0.447782, 0.145301, 0.39099, 0.318134, 0.330515, 0.199707, -0.236727, -0.249051, -0.240281, 0.301253, 0.176, -0.258131, -0.349874, -0.216094, 0.154962, 0.022752, -0.076314, -0.064354, 0.134766, 0.281821, 0.046409, 0.099281]"
8135_5362__angular__exp4,8135_5362,angular,exp4,2.0,22,"[-0.913955, -0.101231, 0.459739, -0.406903, -0.687482, -0.55486, -0.187055, 0.012597, 0.064879, -0.123605, -0.174458, 0.055709, 0.085675, 0.052927, 0.141842, 0.174117, 0.545729, 0.49143, -0.247679, -0.478241, -0.701625, -0.326541]"
8135_5362__radial__exp4,8135_5362,radial,exp4,2.0,22,"[null, null, null, null, null, null, null, null, 0.351086, 0.351086, null, null, null, null, null, null, null, 0.709592, 0.709592, null, null, null]"
8175_3814__angular__exp1,8175_3814,angular,exp1,2.0,22,"[0.37621, 0.574382, 0.381946, 0.142631, 0.29457, 0.53008, -0.024659, -0.182844, -0.023363, 0.088716, 0.398028, 0.238806, 0.174515, -0.166685, -0.16656, -0.085656, -0.603279, -0.489819, 0.045823, 0.34486, 0.540734, 0.123433]"
8175_3814__radial__exp1,8175_3814,radial,exp1,2.0,22,"[0.942535, 0.703558, -0.310772, -0.22924, 0.549001, 0.638959, -0.157765, -0.11008, 0.036787, -0.044461, 0.069705, 0.027694, 0.11031, 0.688116, 0.43745, 0.425362, 0.249386, -0.329784, -0.531702, -0.429308, 0.391226, 0.294881]"
8175_3814__angular__exp2,8175_3814,angular,exp2,2.0,22,"[-0.49796, -0.384417, -0.63045, -0.340756, -0.158423, -0.35343, -0.096754, -0.493146, -0.701221, -0.187302, 0.085425, -0.155071, -0.186729, -0.122524, -0.264209, 0.061817, -0.059905, -0.141414, -0.020804, -0.20133, 0.228317, 0.492157]"
8175_3814__radial__exp2,8175_3814,radial,exp2,2.0,22,"[null, null, null, null, null, null, null, null, 0.675507, 0.675507, null, null, null, null, null, null, null, -0.046778, -0.046778, null, null, null]"
8175_3814__angular__exp3,8175_3814,angular,exp3,2.0,22,"[-0.520835, 0.0799, -0.122439, -0.054893, 0.173014, 0.22448, -0.240779, 0.022215, 0.054001, -0.139925, -0.170892, -0.304706, -0.086408, 0.363779, 0.091005, -0.244222, -0.054124, 0.007188, -0.062703, -0.200761, -0.177094, -0.180382]"
8175_3814__radial__exp3,8175_3814,radial,exp3,2.0,22,"[0.784292, 0.403124, 0.349237, -0.326199, -0.548087, -0.098183, 0.325242, -0.336316, -0.396692, -0.246122, -0.442569, 0.453138, 0.200767, -0.275414, 0.201621, 0.473235, 0.723402, -0.091919, -0.167893, 0.139165, -0.318787, -0.582599]"
8175_3814__angular__exp4,8175_3814,angular,exp4,2.0,22,"[0.793072, -0.18842, -0.20475, 0.192179, -0.107992, 0.153099, -0.280459, -0.071184, 0.159084, -0.38254, -0.131537, 0.133962, null, null, null, null, -0.186869, -0.067711, -0.297208, -0.532637, -0.186711, -0.11248]"
8175_3814__radial__exp4,8175_3814,radial,exp4,2.0,22,"[null, null, null, null, null, null, null, null, 0.979718, 0.979718, null, null, null, null, null, null, null, 0.785387, 0.785387, null, null, null]"
8235_2073__angular__exp1,8235_2073,angular,exp1,2.0,22,"[-0.132466, 0.467536, -0.650413, -0.492391, 0.08268, 0.265032, 0.303009, -0.138152, -0.005976, 0.193206, -0.210857, -0.231968, -0.333831, -0.603099, -0.639578, -0.75335, -0.306057, -0.156521, -0.42932, -0.058725, -0.156552, -0.289668]"
8235_2073__radial__exp1,8235_2073,radial,exp1,2.0,22,"[-0.661866, 0.457, 0.639281, 0.119929, -0.090816, -0.272449, -0.073497, 0.065285, -0.095103, -0.243661, -0.112777, null, -0.073531, -0.117814, -0.0, null, -0.0, -0.0, -0.0, -0.142814, -0.09651, -0.084684]"
8235_2073__angular__exp2,8235_2073,angular,exp2,2.0,22,"[-0.323416, 0.209004, 0.432155, -0.007267, 0.007971, 0.065683, -0.000767, -0.380909, -0.260778, -0.005818, 0.004752, 0.199996, 0.066564, -0.152664, -0.175735, -0.299263, -0.563827, -0.036749, 0.655598, 0.174613, 0.277491, 0.207519]"
8235_2073__radial__exp2,8235_2073,radial,exp2,2.0,22,"[null, null, null, null, null, null, null, null, 0.897142, 0.897142, null, null, null, null, null, null, null, 0.889704, 0.889704, null, null, null]"
8235_2073__angular__exp3,8235_2073,angular,exp3,2.0,22,"[-0.257916, -0.237705, -0.072322, 0.394551, 0.419449, 0.219413, -0.163027, -0.350641, -0.412655, -0.007142, 0.188361, 0.164112, 0.48, -0.025974, -0.123508, 0.207526, 0.109026, 0.346429, 0.353024, 0.030597, -0.522606, -0.621856]"
8235_2073__radial__exp3,8235_2073,radial,exp3,2.0,22,"[-0.184956, -0.383595, 0.154945, 0.583952, 0.390107, 0.194295, 0.581825, 0.168785, -0.330909, -0.266417, 0.785436, 0.599534, 0.337129, 0.728866, 0.198964, 0.126119, 0.055419, -0.010732, -0.329071, -0.056197, 0.188908, -0.224219]"
8235_2073__angular__exp4,8235_2073,angular,exp4,2.0,22,"[0.426892, 0.297698, -0.022435, -0.06132, 0.130728, 0.143292, 0.028749, -0.04739, -0.017779, -0.247855, -0.230628, -0.15596, 0.036179, 0.119127, -0.084438, -0.027968, 0.027841, 0.366016, 0.422569, 0.117908, 0.001889, -0.06957]"
8235_2073__radial__exp4,8235_2073,radial,exp4,2.0,22,"[null, null, null, null, null, null, null, null, -0.040639, -0.040639, null, null, null, null, null, null, null, 0.299433, 0.299433, null, null, null]"
8342_3341__angular__exp1,8342_3341,angular,exp1,2.0,22,"[-0.163285, -0.392581, -0.670351, -0.516082, -0.552663, -0.277663, -0.401536, -0.61591, -0.458247, -0.096129, -0.213716, -0.757807, -0.615683, -0.365912, -0.184473, -0.227339, -0.517234, -0.591075, -0.726881, -0.558454, -0.365455, -0.596827]"
8342_3341__radial__exp1,8342_3341,radial,exp1,2.0,22,"[-0.0, null, null, null, null, -0.16507, -0.15319, null, null, null, 0.914425, 0.784199, 0.027401, -0.151366, -0.231815, 0.0, 0.0, null, null, null, 0.0, 0.437916]"
8342_3341__angular__exp2,8342_3341,angular,exp2,2.0,22,"[-0.685869, -0.67258, -0.785079, -0.656018, -0.551348, -0.512801, -0.110635, -0.352423, -0.526989, -0.663242, -0.700227, -0.793575, -0.875182, -0.635363, 0.250892, -0.132872, -0.559605, -0.302754, 0.056918, -0.405053, -0.680154, -0.755963]"
8342_3341__radial__exp2,8342_3341,radial,exp2,2.0,22,"[null, null, null, null, null, null, null, null, null, null, null, null, null, null, null, null, null, -0.155919, -0.155919, null, null, null]"
8342_3341__angular__exp3,8342_3341,angular,exp3,2.0,22,"[0.031318, -0.3863, -0.637085, -0.265353, 0.018888, 0.326024, 0.31534, -0.161334, -0.320372, -0.326117, -0.39264, -0.28406, 0.343826, -0.404737, -0.560535, -0.25045, -0.3343, -0.443749, -0.406286, -0.185436, 0.008098, -0.203993]"
8342_3341__radial__exp3,8342_3341,radial,exp3,2.0,22,"[0.718029, 0.900898, 0.881664, 0.052423, 0.70324, 0.53206, 0.288465, 0.736851, 0.781272, -0.183951, -0.213932, -0.262516, -0.267155, 0.581461, 0.221802, -0.221298, 0.008313, 0.210722, 0.414314, 0.101733, 0.3663, 0.281778]"
8342_3341__angular__exp4,8342_3341,angular,exp4,2.0,22,"[-0.607231, -0.492687, -0.433043, -0.339588, 0.697198, 0.432476, 0.214657, 0.008031, 0.204052, 0.144273, -0.255808, -0.208714, -0.087677, -0.639995, -0.502431, -0.276433, -0.172836, -0.082262, -0.268519, -0.464863, -0.38606, -0.415121]"
8342_3341__radial__exp4,8342_3341,radial,exp4,2.0,22,"[null, null, null, null, null, null, null, null, -0.150498, -0.150498, null, null, null, null, null, null, null, 0.803874, 0.803874, null, null, null]"
8427_3051__angular__exp1,8427_3051,angular,exp1,2.0,22,"[-0.347597, 0.301099, 0.202937, 0.047571, 0.026435, -0.218601, -0.177741, 0.136428, 0.094165, -0.316535, 0.001724, 0.254549, 0.174084, -0.085517, -0.039013, 0.06192, -0.272908, -0.46608, -0.427627, -0.402294, 0.028816, 0.393399]"
8427_3051__radial__exp1,8427_3051,radial,exp1,2.0,22,"[-0.150017, -0.198011, -0.024865, -0.088272, -0.174778, 0.408914, 0.19136, 0.436912, null, 0.81321, 0.966118, 0.718759, 0.582955, -0.205191, -0.159415, -0.093805, -0.0, -0.0, -0.088139, -0.145972, -0.200652, -0.002465]"
8427_3051__angular__exp2,8427_3051,angular,exp2,2.0,22,"[-0.04314, -0.541057, -0.466817, 0.039951, -0.289257, -0.543941, -0.674301, -0.755853, -0.620004, -0.53061, -0.408259, -0.340561, -0.402953, -0.597832, -0.615736, -0.659554, -0.616482, -0.492371, -0.553844, -0.458811, -0.153131, -0.313612]"
8427_3051__radial__exp2,8427_3051,radial,exp2,2.0,22,"[null, null, null, null, null, null, null, null, null, null, null, null, null, null, null, null, null, -0.155761, -0.155761, null, null, null]"
8427_3051__angular__exp3,8427_3051,angular,exp3,2.0,22,"[-0.107091, -0.124276, -0.330531, -0.222551, 0.258465, 0.020424, -0.258263, -0.222449, -0.033728, -0.375191, -0.450715, -0.149772, -0.263742, -0.241321, 0.015931, -0.13863, -0.296516, -0.262653, -0.401023, -0.418915, -0.228486, -0.210991]"
8427_3051__radial__exp3,8427_3051,radial,exp3,2.0,22,"[-0.158723, -0.300091, -0.201224, -0.36309, -0.320817, 0.072316, 0.294132, 0.023493, -0.082882, -0.0, 0.014633, 0.37116, 0.301444, -0.042284, -0.27997, 0.093903, -0.089317, -0.354672, -0.185297, -0.120884, -0.142535, 0.020833]"
8427_3051__angular__exp4,8427_3051,angular,exp4,2.0,22,"[-0.348661, -0.499951, -0.582963, -0.537061, -0.210447, -0.11334, -0.215894, -0.396998, -0.349357, 0.335327, -0.27718, -0.545865, -0.037041, -0.437538, -0.306732, 0.038486, -0.265528, -0.368015, -0.488163, -0.467062, -0.201918, -0.074571]"
8427_3051__radial__exp4,8427_3051,radial,exp4,2.0,22,"[null, null, null, null, null, null, null, null, -0.208606, -0.208606, null, null, null, null, null, null, null, -0.172586, -0.172586, null, null, null]"
8711_4649__angular__exp1,8711_4649,angular,exp1,2.0,22,"[-0.462165, -0.336052, -0.063897, 0.21114, 0.150345, 0.277966, 0.171407, -0.041065, -0.632926, -0.726413, -0.599368, 0.135873, 0.054981, -0.644675, -0.554431, -0.340833, 0.172536, -0.196895, -0.455718, -0.216155, -0.189437, -0.324055]"
8711_4649__radial__exp1,8711_4649,radial,exp1,2.0,22,"[-0.024607, -0.046424, 0.131534, 0.169643, -0.222647, 0.0, -0.316958, 0.130956, 0.716413, null, null, -0.091867, -0.0, -0.0, -0.037097, 0.417494, 0.179741, 0.357603, 0.239537, -0.049185, -0.188584, -0.144602]"
8711_4649__angular__exp2,8711_4649,angular,exp2,2.0,22,"[-0.575964, -0.67554, -0.757901, -0.796998, -0.69146, -0.44203, -0.576418, -0.395358, 0.417361, -0.307553, -0.555074, -0.392935, -0.125221, -0.156708, -0.499102, -0.710421, -0.747746, -0.558373, -0.0387, -0.410434, -0.749669, -0.593428]"
8711_4649__radial__exp2,8711_4649,radial,exp2,2.0,22,"[null, null, null, null, null, null, null, null, null, null, null, null, null, null, null, null, null, 0.185197, 0.185197, null, null, null]"
8711_4649__angular__exp4,8711_4649,angular,exp4,2.0,22,"[-0.210242, -0.38272, -0.135686, -0.345617, -0.161592, -0.319125, -0.495715, -0.392951, -0.252833, -0.246539, -0.203798, -0.285148, -0.217054, -0.014349, -0.050809, 0.10488, -0.559843, -0.198025, 0.413253, 0.055514, -0.438349, -0.377957]"
8711_4649__radial__exp4,8711_4649,radial,exp4,2.0,22,"[null, null, null, null, null, null, null, null, null, null, null, null, null, null, null, null, null, 0.662576, 0.662576, null, null, null]"
8883_4504__angular__exp1,8883_4504,angular,exp1,2.0,22,"[0.129638, -0.075385, -0.129108, -0.086187, -0.37274, -0.381169, 0.107058, -0.076513, -0.298522, -0.308123, -0.189249, 0.200391, 0.259643, 0.167211, -0.498231, -0.419502, -0.185573, -0.343168, -0.413942, -0.104698, -0.11633, -0.446548]"
8883_4504__radial__exp1,8883_4504,radial,exp1,2.0,22,"[-0.232033, -0.260727, null, null, null, null, null, null, null, -0.257217, 0.040641, 0.353263, null, -0.257766, 0.0, 0.0, 0.0, 0.0, -0.0, -0.322772, -0.200037, -0.237433]"
8883_4504__angular__exp2,8883_4504,angular,exp2,2.0,22,"[-0.609995, -0.43907, -0.457979, -0.575487, -0.409045, -0.214568, -0.168356, -0.207695, -0.258982, -0.46027, -0.523474, -0.570293, -0.454242, -0.305602, -0.539815, -0.779654, -0.921594, -0.794715, -0.581636, -0.500039, -0.621283, -0.656074]"
8883_4504__angular__exp3,8883_4504,angular,exp3,2.0,22,"[-0.190156, -0.227931, -0.01013, -0.101326, 0.098962, 0.286826, -0.012616, -0.16795, -0.216166, -0.123558, -0.124991, -0.181463, -0.036049, -0.143663, -0.129386, 0.2248, -0.013571, -0.013902, 0.108618, -0.177201, -0.058486, -0.047951]"
8883_4504__radial__exp3,8883_4504,radial,exp3,2.0,22,"[0.47577, -0.140469, -0.186941, -0.192786, 0.437998, -0.208123, -0.459139, -0.464468, -0.327664, -0.468249, -0.288916, -0.315562, -0.557416, -0.289944, 0.324059, 0.07701, -0.056536, -0.441997, 0.54092, 0.684582, 0.586464, 0.36781]"
8883_4504__angular__exp4,8883_4504,angular,exp4,2.0,22,"[0.36167, 0.140948, -0.028094, -0.435305, -0.612407, -0.640491, -0.538247, -0.024452, -0.069973, -0.651004, -0.784802, -0.688795, -0.383035, -0.459767, -0.447204, -0.589356, -0.61431, 0.033653, -0.562433, -0.397633, 0.30256, -0.088028]"
8883_4504__radial__exp4,8883_4504,radial,exp4,2.0,22,"[null, null, null, null, null, null, null, null, 0.401115, 0.401115, null, null, null, null, null, null, null, 0.376319, 0.376319, null, null, null]"
8970_3056__angular__exp1,8970_3056,angular,exp1,2.0,22,"[-0.518694, -0.1373, 0.271695, 0.069057, -0.159201, -0.008218, 0.228789, -0.0899, -0.271992, -0.127792, -0.212015, -0.264833, -0.16452, -0.01136, -0.160661, -0.501368, -0.345917, 0.204692, 0.041027, -0.430415, -0.27592, -0.542924]"
8970_3056__radial__exp1,8970_3056,radial,exp1,2.0,22,"[-0.0, null, null, null, null, null, null, null, null, null, null, null, null, null, null, null, null, null, null, null, null, null]"
8970_3056__angular__exp2,8970_3056,angular,exp2,2.0,22,"[-0.28231, -0.26093, 0.027956, -0.192004, -0.669391, -0.064421, -0.003959, -0.357775, -0.312795, -0.453362, -0.420825, -0.241164, -0.303287, -0.383628, -0.62364, -0.47699, -0.387455, -0.551083, -0.407955, -0.366285, -0.272845, -0.232138]"
8970_3056__angular__exp3,8970_3056,angular,exp3,2.0,22,"[0.091409, 0.232055, 0.087949, -0.596142, -0.36172, -0.225842, -0.196793, 0.020095, -0.067802, 0.209582, 0.619189, 0.157727, -0.21889, -0.327385, -0.37799, -0.367861, -0.222456, -0.266185, -0.083355, 0.273203, -0.104669, 0.127163]"
8970_3056__radial__exp3,8970_3056,radial,exp3,2.0,22,"[-0.180337, -0.333419, 0.175698, 0.302313, -0.30276, -0.244901, -0.185111, -0.171351, -0.267584, -0.218689, -0.235885, -0.200774, -0.207669, -0.31664, -0.055294, 0.171824, -0.193294, -0.214481, null, null, -0.165938, -0.040162]"
8970_3056__angular__exp4,8970_3056,angular,exp4,2.0,22,"[-0.009903, -0.13909, -0.032972, -0.179772, -0.370285, -0.407476, -0.507586, -0.085176, 0.106275, -0.208519, -0.23865, 0.061851, 0.413535, 0.196862, -0.452614, -0.292354, -0.257714, 0.122914, 0.346107, -0.012042, -0.167816, -0.323229]"
8970_3056__radial__exp4,8970_3056,radial,exp4,2.0,22,"[null, null, null, null, null, null, null, null, 0.188976, 0.188976, null, null, null, null, null, null, null, 0.83355, 0.83355, null, null, null]"
9324_1798__angular__exp1,9324_1798,angular,exp1,2.0,22,"[-0.254809, -0.225163, -0.084833, 0.050019, -0.362859, -0.265284, -0.241813, -0.586984, -0.183467, 0.214003, 0.179531, 0.113678, 0.586267, 0.436685, 0.480626, 0.011093, -0.60753, -0.389287, -0.027069, -0.110722, -0.044896, 0.060308]"
9324_1798__radial__exp1,9324_1798,radial,exp1,2.0,22,"[0.815035, 0.15511, 0.244583, 0.742138, 0.607993, 0.224549, -0.108438, null, -0.264777, -0.313439, -0.212706, 0.312978, 0.698229, 0.37193, 0.181326, -0.174541, -0.246089, -0.30166, -0.270006, -0.306208, 0.035321, 0.07487]"
9324_1798__angular__exp2,9324_1798,angular,exp2,2.0,22,"[-0.791525, -0.814315, -0.96448, -0.808107, -0.276195, -0.22315, -0.505182, -0.522431, -0.483396, 0.376682, 0.846117, 0.888977, 0.840185, 0.381595, -0.636003, -0.921325, -0.945041, -0.691307, 0.213055, 0.734914, 0.928031, 0.512463]"
9324_1798__radial__exp2,9324_1798,radial,exp2,2.0,22,"[null, null, null, null, null, null, null, null, -0.17709, -0.244832, null, null, null, null, null, null, null, -0.0, -0.0, null, null, null]"
9324_1798__angular__exp3,9324_1798,angular,exp3,2.0,22,"[-0.738269, 0.020763, 0.227276, -0.093956, -0.145475, -0.283576, -0.084619, 0.04657, -0.11708, -0.649288, -0.676267, -0.403536, -0.142181, -0.177979, -0.366288, -0.594399, -0.360951, 0.228842, 0.542913, 0.492073, 0.168121, -0.346225]"
9324_1798__radial__exp3,9324_1798,radial,exp3,2.0,22,"[0.988514, 0.775648, 0.783083, 0.408468, -0.452963, -0.608903, -0.522703, -0.176268, -0.035529, 0.296293, 0.759765, 0.754679, 0.430618, -0.244413, 0.391017, 0.048229, -0.142549, 0.228076, 0.396527, 0.170857, -0.226022, 0.365188]"
9324_1798__angular__exp4,9324_1798,angular,exp4,2.0,22,"[-0.039097, 0.180833, 0.061864, 0.170974, -0.033623, -0.671415, -0.475978, 0.200801, 0.328384, -0.513921, -0.607923, -0.054583, 0.495787, -0.163309, -0.134451, 0.659285, 0.85315, 0.636196, -0.157808, 0.163466, 0.040592, -0.53712]"
9324_1798__radial__exp4,9324_1798,radial,exp4,2.0,22,"[null, null, null, null, null, null, null, null, 0.327315, 0.327315, null, null, null, null, null, null, null, 0.356076, 0.356076, null, null, null]"
9353_7036__angular__exp1,9353_7036,angular,exp1,2.0,22,"[0.126207, 0.081418, -0.288174, -0.291119, -0.303842, -0.162495, 0.276993, -0.148453, -0.59557, -0.555047, -0.022023, -0.420254, -0.518442, -0.06555, 0.038047, -0.205895, 0.167014, 0.449755, 0.091963, -0.324088, -0.410937, -0.536431]"
9353_7036__radial__exp1,9353_7036,radial,exp1,2.0,22,"[-0.0, -0.340808, 0.176943, -0.125183, 0.788588, 0.456274, -0.155346, 0.048183, null, 0.440201, 0.362496, -0.149857, 0.0, 0.785811, 0.167145, -0.193324, -0.341106, -0.145861, 0.0, 0.354985, 0.555222, 0.354627]"
9353_7036__angular__exp2,9353_7036,angular,exp2,2.0,22,"[-0.378496, -0.506815, -0.346658, -0.181136, -0.228887, 0.048082, -0.042402, -0.476004, -0.16755, -0.321939, -0.171121, 0.297746, 0.161502, -0.129597, -0.288447, -0.259052, -0.327884, -0.219737, 0.016295, -0.067822, -0.054702, -0.027388]"
9353_7036__radial__exp2,9353_7036,radial,exp2,2.0,22,"[null, null, null, null, null, null, null, null, 0.0, 0.0, null, null, null, null, null, null, null, 0.290327, 0.290327, null, null, null]"
9353_7036__angular__exp3,9353_7036,angular,exp3,2.0,22,"[0.126207, 0.081418, -0.288174, -0.291119, -0.303842, -0.162495, 0.276993, -0.148453, -0.59557, -0.555047, -0.022023, -0.420254, -0.518442, -0.06555, 0.038047, -0.205895, 0.167014, 0.449755, 0.091963, -0.324088, -0.410937, -0.536431]"
9353_7036__radial__exp3,9353_7036,radial,exp3,2.0,22,"[-0.0, -0.340808, 0.176943, -0.125183, 0.788588, 0.456274, -0.155346, 0.048183, null, 0.440201, 0.362496, -0.149857, 0.0, 0.785811, 0.167145, -0.193324, -0.341106, -0.145861, 0.0, 0.354985, 0.555222, 0.354627]"
9353_7036__angular__exp4,9353_7036,angular,exp4,2.0,22,"[-0.455557, -0.707641, -0.134031, -0.022263, 0.113667, -0.068034, -0.398401, -0.445788, -0.325315, -0.444281, -0.366202, 0.038117, -0.421213, -0.697527, -0.115322, -0.059089, -0.236832, -0.440399, -0.44145, -0.122312, 0.129253, 0.107291]"
9353_7036__radial__exp4,9353_7036,radial,exp4,2.0,22,"[null, null, null, null, null, null, null, null, 0.0, 0.0, null, null, null, null, null, null, null, 0.879013, 0.879013, null, null, null]"
9446_6169__angular__exp1,9446_6169,angular,exp1,2.0,22,"[-0.248911, -0.401497, -0.153113, -0.27436, -0.395001, -0.16536, -0.243984, -0.131295, -0.54239, -0.709815, -0.552986, -0.372127, -0.522189, -0.326846, -0.087992, -0.099302, 0.317482, -0.114936, -0.521172, -0.185742, 0.18841, 0.263857]"
9446_6169__radial__exp1,9446_6169,radial,exp1,2.0,22,"[null, null, -0.127976, 0.788362, 0.525872, -0.299978, null, 0.536634, 0.445439, 0.124106, -0.107015, -0.170441, 0.26981, 0.681061, 0.170355, -0.096784, -0.166147, -0.131635, -0.206111, -0.263427, -0.209215, 0.39045]"
9446_6169__angular__exp2,9446_6169,angular,exp2,2.0,22,"[-0.564552, -0.359715, -0.040652, 0.090993, -0.227748, -0.750452, -0.571913, -0.602604, -0.343924, 0.673963, 0.139435, -0.289258, -0.154251, -0.231036, -0.114946, -0.11792, -0.577191, -0.482647, -0.599264, -0.522599, -0.274312, -0.126776]"
9446_6169__radial__exp2,9446_6169,radial,exp2,2.0,22,"[null, null, null, null, null, null, null, null, 0.779409, 0.779409, null, null, null, null, null, null, null, 0.0, 0.0, null, null, null]"
9446_6169__angular__exp3,9446_6169,angular,exp3,2.0,22,"[0.460968, -0.540571, -0.547557, 0.01213, 0.502214, 0.177112, -0.044895, 0.485925, -0.290515, -0.464803, -0.473154, -0.382884, 0.185795, 0.498215, 0.347649, -0.1061, -0.166552, -0.069034, -0.165514, -0.325507, -0.119822, 0.190329]"
9446_6169__radial__exp3,9446_6169,radial,exp3,2.0,22,"[0.81936, 0.81324, 0.861106, 0.693616, 0.201218, 0.81062, 0.707255, 0.202132, 0.505472, 0.050836, 0.134551, 0.483346, -0.239341, -0.336429, -0.155878, 0.459129, 0.018783, -0.426898, -0.235704, -0.44196, -0.374823, 0.180667]"
9446_6169__angular__exp4,9446_6169,angular,exp4,2.0,22,"[-0.16, -0.095673, -0.381114, 0.06022, 0.188273, -0.220089, 0.005427, 0.54272, -0.133324, -0.455292, -0.331141, -0.051053, -0.056896, -0.481543, -0.556528, -0.528732, -0.441327, -0.013479, 0.325476, 0.197966, -0.22009, -0.159925]"
9446_6169__radial__exp4,9446_6169,radial,exp4,2.0,22,"[null, null, null, null, null, null, null, null, 0.561004, 0.561004, null, null, null, null, null, null, null, 0.291799, 0.291799, null, null, null]"
9475_2181__angular__exp1,9475_2181,angular,exp1,2.0,22,"[-0.069465, 0.161808, -0.092924, -0.25009, -0.438097, -0.402966, -0.427141, -0.235203, 0.036084, 0.058583, 0.074946, -0.123064, -0.267185, -0.044656, 0.273128, -0.025356, -0.112172, -0.026818, 0.138586, 0.07031, -0.002831, -0.010568]"
9475_2181__radial__exp1,9475_2181,radial,exp1,2.0,22,"[0.0, null, 0.0, 0.0, -0.0, -0.0, -0.0, 0.0, -0.0, -0.0, 0.0, 0.0, 0.0, 0.0, 0.0, -0.0, -0.0, -0.0, null, null, -0.039873, 0.153003]"
9475_2181__angular__exp2,9475_2181,angular,exp2,2.0,22,"[-0.258783, -0.141607, -0.03281, -0.043202, -0.056571, 0.188195, 0.030144, -0.267226, -0.299699, -0.420998, -0.257416, -0.185714, -0.036261, 0.300671, -0.001554, -0.155208, -0.04214, 0.081292, 0.241759, -0.255936, -0.44167, -0.232012]"
9475_2181__radial__exp2,9475_2181,radial,exp2,2.0,22,"[null, null, null, null, null, null, null, null, 0.577876, 0.577876, null, null, null, null, null, null, null, 0.747615, 0.747615, null, null, null]"
9475_2181__angular__exp3,9475_2181,angular,exp3,2.0,22,"[-0.350848, -0.496595, -0.27723, -0.361565, -0.695749, -0.372336, 0.406105, 0.462726, 0.254105, -0.008052, 0.078935, -0.009307, -0.60911, -0.53397, -0.271999, -0.037093, 0.008463, -0.219359, -0.345418, 0.070185, 0.388114, 0.048026]"
9475_2181__radial__exp3,9475_2181,radial,exp3,2.0,22,"[0.0, 0.502926, 0.254826, 0.291922, 0.418083, 0.571578, 0.201851, -0.146983, -0.178028, -0.152282, -0.194161, -0.231209, -0.14528, -0.239096, -0.365102, -0.152191, -0.269175, -0.202482, -0.127828, 0.402456, 0.65931, 0.562391]"
9475_2181__angular__exp4,9475_2181,angular,exp4,2.0,22,"[-0.235107, -0.167154, -0.03741, -0.056299, -0.033602, -0.065429, -0.335462, -0.310057, -0.097397, -0.200423, -0.31908, 0.047029, 0.331178, -0.071006, -0.035121, 0.124854, -0.126447, -0.241404, -0.243484, 0.035029, 0.067549, -0.166802]"
9475_2181__radial__exp4,9475_2181,radial,exp4,2.0,22,"[null, null, null, null, null, null, null, null, 0.30424, 0.30424, null, null, null, null, null, null, null, 0.620337, 0.620337, null, null, null]"
9509_3886__angular__exp1,9509_3886,angular,exp1,2.0,22,"[-0.450729, -0.672703, -0.474845, 0.048728, -0.082028, 0.033319, -0.017854, -0.038461, 0.311904, -0.43277, -0.686501, -0.462243, -0.066409, -0.237892, -0.447553, -0.189792, -0.223027, 0.068079, 0.10968, 0.040978, 0.056334, -0.38459]"
9509_3886__radial__exp1,9509_3886,radial,exp1,2.0,22,"[null, -0.142171, 0.01173, 0.376557, -0.146917, -0.233311, -0.176377, -0.199812, -0.057852, 0.330475, 0.804707, 0.804707, -0.0, -0.108113, null, -0.150559, -0.233095, -0.143629, -0.157372, -0.197021, -0.273762, -0.229847]"
9509_3886__angular__exp2,9509_3886,angular,exp2,2.0,22,"[-0.28458, 0.1512, 0.303496, 0.137924, 0.006507, 0.069725, -0.025706, 0.083767, -0.015302, -0.103885, -0.235936, -0.238337, -0.034582, -0.02634, -0.157918, -0.24096, -0.142425, -0.064107, -0.178228, -0.137638, -0.270083, -0.532727]"
9509_3886__radial__exp2,9509_3886,radial,exp2,2.0,22,"[null, null, null, null, null, null, null, null, null, null, null, null, null, null, null, null, null, 0.701011, 0.701011, null, null, null]"
9509_3886__angular__exp3,9509_3886,angular,exp3,2.0,22,"[0.128293, 0.078901, -0.023668, 0.043499, 0.292629, 0.247727, 0.074829, 0.129881, 0.034312, -0.010438, 0.372573, 0.298489, -0.174474, -0.335011, -0.085609, 0.158643, -0.367519, -0.529516, -0.284388, -0.305132, -0.2782, 0.071339]"
9509_3886__radial__exp3,9509_3886,radial,exp3,2.0,22,"[-0.18512, -0.287184, 0.017345, -0.153309, 0.246808, 0.519172, 0.044469, 0.412167, 0.005377, -0.21493, -0.073392, 0.153147, 0.147233, -0.229121, 0.348768, 0.197272, 0.296054, 0.735043, -0.153212, -0.471699, -0.382701, -0.006902]"
9509_3886__angular__exp4,9509_3886,angular,exp4,2.0,22,"[-0.059512, -0.155464, -0.031931, 0.331087, 0.186013, -0.18714, -0.081399, 0.089649, 0.132094, -0.484799, -0.18097, 0.189465, -0.089001, -0.094331, -0.12764, 0.041347, 0.466029, 0.19331, 0.191368, 0.028692, -0.085973, 0.095529]"
9509_3886__radial__exp4,9509_3886,radial,exp4,2.0,22,"[null, null, null, null, null, null, null, null, -0.431408, -0.431408, null, null, null, null, null, null, null, 0.26502, 0.26502, null, null, null]"
9807_4100__angular__exp1,9807_4100,angular,exp1,2.0,22,"[-0.422033, -0.330545, -0.358457, -0.176448, -0.057957, -0.251749, -0.011823, -0.026162, -0.4618, -0.446029, -0.338296, -0.409415, -0.404598, -0.511218, -0.652828, -0.734325, -0.613295, -0.062408, 0.006553, -0.150559, 0.69544, 0.657788]"
9807_4100__radial__exp1,9807_4100,radial,exp1,2.0,22,"[null, 0.297738, 0.352575, 0.817679, null, 0.031501, -0.015259, -0.253655, -0.250463, 0.0, 0.0, 0.0, -0.0, 0.0, null, null, null, 0.0, -0.10398, -0.173007, 0.0, -0.252869]"
9807_4100__angular__exp2,9807_4100,angular,exp2,2.0,22,"[0.362169, -0.05299, -0.700255, -0.658749, -0.551055, -0.13338, 0.042928, -0.378093, -0.551768, -0.442841, 0.02551, -0.050437, -0.45382, -0.391932, -0.11796, -0.149117, -0.362987, -0.658633, -0.77925, -0.286752, -0.146709, -0.226126]"
9807_4100__angular__exp3,9807_4100,angular,exp3,2.0,22,"[-0.24898, -0.285596, 0.008958, -0.293566, -0.146164, 0.435427, 0.310349, -0.296605, -0.247126, 0.018696, 0.153565, 0.160139, 0.076476, 0.137795, -0.134233, 0.042655, 0.240468, 0.1174, 0.137601, 0.239935, 0.079076, -0.233057]"
9807_4100__radial__exp3,9807_4100,radial,exp3,2.0,22,"[-0.093465, -0.048362, 0.528832, 0.560474, 0.110699, 0.348186, 0.463796, 0.406844, -0.205463, 0.198756, 0.404911, -0.072683, -0.073242, 0.53675, 0.308253, 0.159176, -0.028339, -0.476029, 0.115536, 0.296408, 0.178487, 0.465387]"
9807_4100__angular__exp4,9807_4100,angular,exp4,2.0,22,"[0.431742, 0.464167, 0.227114, 0.143432, 0.295055, 0.419351, 0.128983, -0.021698, 0.131772, 0.085677, 0.234769, 0.102931, -0.179796, 0.124718, -0.121579, -0.224423, 0.320736, 0.317323, -0.007286, -0.294028, -0.077134, 0.277858]"
9807_4100__radial__exp4,9807_4100,radial,exp4,2.0,22,"[null, null, null, null, null, null, null, null, 0.441051, 0.441051, null, null, null, null, null, null, null, 0.945374, 0.945374, null, null, null]"
9897_3649__angular__exp1,9897_3649,angular,exp1,2.0,22,"[-0.762194, -0.564753, -0.131623, 0.073216, -0.550085, -0.922786, -0.951367, -0.820586, -0.822798, -0.802739, -0.821433, -0.968612, -0.381998, -0.222607, -0.759016, -0.872869, -0.923038, -0.960498, -0.867434, -0.879596, -0.838616, 0.037006]"
9897_3649__angular__exp2,9897_3649,angular,exp2,2.0,22,"[-0.280701, 0.545967, 0.361308, -0.533886, -0.914901, -0.922567, -0.951856, -0.959315, -0.841755, -0.745619, -0.855422, -0.848165, -0.842117, -0.951773, -0.930183, -0.917318, -0.945452, -0.91921, -0.948566, -0.988098, -0.935477, -0.924369]"
9897_3649__angular__exp3,9897_3649,angular,exp3,2.0,22,"[-0.442662, -0.339509, 0.421875, -0.073286, -0.400756, 0.008634, 0.094384, 0.492359, 0.480012, 0.354699, 0.411985, 0.220821, -0.123923, -0.224417, -0.402304, 0.057655, 0.427604, 0.236627, 0.072685, -0.282994, -0.139149, 0.274702]"
9897_3649__radial__exp3,9897_3649,radial,exp3,2.0,22,"[null, -0.157996, -0.304523, 0.0, -0.361352, -0.248064, 0.020158, -0.171284, 0.221226, 0.170437, 0.322261, 0.365849, -0.066107, -0.181676, 0.808162, 0.857682, -0.228125, 0.25888, 0.236307, 0.247549, 0.204179, 0.13831]"
9897_3649__angular__exp4,9897_3649,angular,exp4,2.0,22,"[-0.443494, 0.054218, 0.199656, -0.034787, -0.238712, -0.765168, -0.970418, -0.604298, -0.231558, -0.318092, -0.181146, -0.214081, -0.469159, -0.300716, 0.09116, 0.337131, 0.166208, -0.00541, 0.197926, 0.114876, -0.024565, 0.086904]"
9897_3649__radial__exp4,9897_3649,radial,exp4,2.0,22,"[null, null, null, null, null, null, null, null, -0.15028, -0.231733, null, null, null, null, null, null, null, -0.131948, -0.131948, null, null, null]"
