rise_frac,fall_frac,asymmetry,n_subpeaks,ep_skew,duration,dataset,trace_id
0.4,0.6,0.6666666666666666,1,0.6235180411118176,6,lerique,pce01__RESP__rest1
0.125,0.875,0.14285714285714285,1,0.24575935080440173,9,lerique,pce02__ECG__trials_concat
0.6666666666666666,0.3333333333333333,2.0,0,-0.9847778729452943,4,lerique,pce02__ECG__trials_concat
0.8,0.2,4.0,0,-0.11566200870663051,6,lerique,pce02__ECG__trials_concat
0.6666666666666666,0.3333333333333333,2.0,1,-0.9565170195850683,22,lerique,pce02__ECG__trials_concat
0.034482758620689655,0.9655172413793104,0.03571428571428571,1,-0.1130915288189672,30,lerique,pce02__ECG__trials_concat
0.4166666666666667,0.5833333333333334,0.7142857142857143,1,0.349518684085578,25,lerique,pce02__ECG__trials_concat
0.36,0.64,0.5625,1,-0.9221003027990425,26,lerique,pce02__ECG__trials_concat
0.8666666666666667,0.13333333333333333,6.5,0,-0.023063438625038096,16,lerique,pce02__ECG__trials_concat
1.0,0.0,14.0,0,0.10053321769165985,15,lerique,pce02__ECG__trials_concat
0.6666666666666666,0.3333333333333333,2.0,1,-0.044045954434838275,4,lerique,pce02__EDA__rest1
0.0,1.0,0.0,0,-1.296431277832503,9,lerique,pce02__EDA__trials_concat
0.13043478260869565,0.8695652173913043,0.15,2,-2.1121623562079694,47,lerique,pce02__EDA__trials_concat
0.08823529411764706,0.9117647058823529,0.0967741935483871,1,-0.7499596227863732,35,lerique,pce02__EDA__trials_concat
0.1891891891891892,0.8108108108108109,0.23333333333333334,1,-2.036232730563591,38,lerique,pce02__EDA__trials_concat
0.20833333333333334,0.7916666666666666,0.2631578947368421,2,0.45740327071981995,49,lerique,pce02__EDA__trials_concat
0.7857142857142857,0.21428571428571427,3.6666666666666665,2,-1.2623834920311803,15,lerique,pce02__EDA__trials_concat
0.5806451612903226,0.41935483870967744,1.3846153846153846,1,-0.02463037975919918,32,lerique,pce02__EDA__trials_concat
0.2,0.8,0.25,3,-1.6460364068325255,56,lerique,pce02__EDA__trials_concat
0.17647058823529413,0.8235294117647058,0.21428571428571427,1,-2.323336984465314,35,lerique,pce02__EDA__trials_concat
0.7674418604651163,0.23255813953488372,3.3,4,-0.3542658662020466,44,lerique,pce02__EDA__trials_concat
0.6701030927835051,0.32989690721649484,2.03125,2,-1.4742658742396977,98,lerique,pce02__EDA__trials_concat
0.5789473684210527,0.42105263157894735,1.375,1,-0.04706664096116385,20,lerique,pce02__EDA__trials_concat
0.4375,0.5625,0.7777777777777778,1,-0.6623985511987567,17,lerique,pce02__RESP__trials_concat
0.2,0.8,0.25,0,0.8360205653485021,6,lerique,pce02__RESP__trials_concat
0.0,1.0,0.0,0,0.7756441399026311,5,lerique,pce02__RESP__trials_concat
0.5882352941176471,0.4117647058823529,1.4285714285714286,1,-0.9086213609434491,18,lerique,pce02__RESP__trials_concat
0.25,0.75,0.3333333333333333,0,0.4641499607455881,5,lerique,pce02__RESP__trials_concat
0.42857142857142855,0.5714285714285714,0.75,1,-1.3300122010633257,8,lerique,pce02__RESP__trials_concat
0.4,0.6,0.6666666666666666,0,0.07437375917241468,6,lerique,pce02__RESP__trials_concat
0.2,0.8,0.25,0,-0.8291875260651577,6,lerique,pce03__ECG__trials_concat
0.7272727272727273,0.2727272727272727,2.6666666666666665,0,-0.7228836284390346,23,lerique,pce03__ECG__trials_concat
0.5555555555555556,0.4444444444444444,1.25,1,0.6710957280717283,10,lerique,pce03__ECG__trials_concat
0.6666666666666666,0.3333333333333333,2.0,0,-1.6756370764383948,7,lerique,pce03__ECG__trials_concat
0.6666666666666666,0.3333333333333333,2.0,1,0.16586613913278542,7,lerique,pce03__ECG__trials_concat
0.0,1.0,0.0,0,-0.48596238057215957,4,lerique,pce03__ECG__trials_concat
0.4375,0.5625,0.7777777777777778,1,-1.2287992639758665,17,lerique,pce03__ECG__trials_concat
0.5555555555555556,0.4444444444444444,1.25,1,-0.0642116304957646,10,lerique,pce03__ECG__trials_concat
1.0,0.0,5.0,0,-0.2979338848852773,6,lerique,pce03__ECG__trials_concat
0.7073170731707317,0.2926829268292683,2.4166666666666665,3,-1.2847305100359578,42,lerique,pce03__ECG__trials_concat
0.25,0.75,0.3333333333333333,0,-1.1316928462768439,5,lerique,pce03__ECG__trials_concat
0.8181818181818182,0.18181818181818182,4.5,2,0.7912105769383146,23,lerique,pce03__EDA__rest1
0.3793103448275862,0.6206896551724138,0.6111111111111112,1,-1.208467130989847,30,lerique,pce03__EDA__trials_concat
0.0,1.0,0.0,0,0.061947773039346066,4,lerique,pce03__EDA__trials_concat
0.42857142857142855,0.5714285714285714,0.75,0,-0.3578411470133646,8,lerique,pce03__EDA__trials_concat
0.3333333333333333,0.6666666666666666,0.5,1,-0.64912376312956,25,lerique,pce03__EDA__trials_concat
0.9090909090909091,0.09090909090909091,10.0,0,-0.14331418795732617,12,lerique,pce03__EDA__trials_concat
0.6842105263157895,0.3157894736842105,2.1666666666666665,2,-0.5819259801674147,20,lerique,pce03__EDA__trials_concat
0.5,0.5,1.0,0,0.4156231522302972,9,lerique,pce03__EDA__trials_concat
0.2857142857142857,0.7142857142857143,0.4,1,-0.8788797121649597,15,lerique,pce04__ECG__rest1
0.0,1.0,0.0,0,1.2075328784823447,30,lerique,pce04__ECG__trials_concat
0.25,0.75,0.3333333333333333,0,0.4284498330006074,5,lerique,pce04__ECG__trials_concat
0.8333333333333334,0.16666666666666666,5.0,0,0.20680182726493987,13,lerique,pce04__ECG__trials_concat
0.0,1.0,0.0,0,0.35768297014026584,5,lerique,pce04__ECG__trials_concat
1.0,0.0,21.0,0,-0.0606377511711542,22,lerique,pce04__ECG__trials_concat
0.6,0.4,1.5,0,-0.8811152591017034,6,lerique,pce04__ECG__trials_concat
0.5,0.5,1.0,0,0.6258678987249308,5,lerique,pce04__ECG__trials_concat
0.42857142857142855,0.5714285714285714,0.75,1,-0.514532777353523,8,lerique,pce04__ECG__trials_concat
0.1724137931034483,0.8275862068965517,0.20833333333333334,0,0.7908218078896595,30,lerique,pce04__ECG__trials_concat
0.5,0.5,1.0,0,-0.4016986050861291,5,lerique,pce04__ECG__trials_concat
0.6744186046511628,0.32558139534883723,2.0714285714285716,1,-1.2204863898346079,44,lerique,pce04__EDA__trials_concat
0.6666666666666666,0.3333333333333333,2.0,1,-0.9962682613198125,7,lerique,pce04__EDA__trials_concat
0.8,0.2,4.0,2,-1.4970847631411883,36,lerique,pce04__EDA__trials_concat
0.35714285714285715,0.6428571428571429,0.5555555555555556,2,-0.38887793707661017,15,lerique,pce04__EDA__trials_concat
0.1590909090909091,0.8409090909090909,0.1891891891891892,1,-1.778451869891811,45,lerique,pce04__EDA__trials_concat
0.32653061224489793,0.673469387755102,0.48484848484848486,1,-1.2050338316092897,50,lerique,pce04__EDA__trials_concat
0.7297297297297297,0.2702702702702703,2.7,1,-0.8251781357164893,38,lerique,pce04__EDA__trials_concat
0.4,0.6,0.6666666666666666,1,-0.05738376626443949,6,lerique,pce04__EDA__trials_concat
0.5882352941176471,0.4117647058823529,1.4285714285714286,1,-1.7533202985363345,52,lerique,pce04__EDA__trials_concat
0.7,0.3,2.3333333333333335,1,-1.7727769905692712,41,lerique,pce04__EDA__trials_concat
0.7058823529411765,0.29411764705882354,2.4,1,-2.543017404159387,35,lerique,pce04__EDA__trials_concat
0.5714285714285714,0.42857142857142855,1.3333333333333333,0,-0.28115944531119413,8,lerique,pce04__EDA__trials_concat
1.0,0.0,3.0,0,-0.24605251073897877,4,lerique,pce04__EDA__trials_concat
0.5333333333333333,0.4666666666666667,1.1428571428571428,1,0.3616302175399206,16,lerique,pce04__RESP__rest1
0.72,0.28,2.5714285714285716,2,0.681889821015363,26,lerique,pce04__RESP__rest1
0.5,0.5,1.0,1,0.049591261564187826,11,lerique,pce04__RESP__trials_concat
0.5714285714285714,0.42857142857142855,1.3333333333333333,1,-0.25051449443076496,8,lerique,pce05__ECG__rest1
0.06896551724137931,0.9310344827586207,0.07407407407407407,2,0.22251134235466127,30,lerique,pce05__ECG__trials_concat
0.2222222222222222,0.7777777777777778,0.2857142857142857,1,-0.05177040938470652,19,lerique,pce05__ECG__trials_concat
1.0,0.0,15.0,1,0.6313312686974747,16,lerique,pce05__ECG__trials_concat
1.0,0.0,5.0,0,1.5989109851791619,6,lerique,pce05__ECG__trials_concat
0.6666666666666666,0.3333333333333333,2.0,1,0.3375768148947317,19,lerique,pce05__ECG__trials_concat
0.875,0.125,7.0,2,0.0046659211464962665,9,lerique,pce05__EDA__rest1
0.47368421052631576,0.5263157894736842,0.9,1,0.19920575078022926,20,lerique,pce05__EDA__trials_concat
0.3103448275862069,0.6896551724137931,0.45,2,-2.732692728742861,59,lerique,pce05__EDA__trials_concat
0.18181818181818182,0.8181818181818182,0.2222222222222222,1,-1.8854476988172308,34,lerique,pce05__EDA__trials_concat
0.4146341463414634,0.5853658536585366,0.7083333333333334,1,-1.4543263186632893,42,lerique,pce05__EDA__trials_concat
0.6129032258064516,0.3870967741935484,1.5833333333333333,1,-0.94097071707252,32,lerique,pce05__EDA__trials_concat
0.4,0.6,0.6666666666666666,1,-0.5794946563315414,11,lerique,pce05__EDA__trials_concat
0.16666666666666666,0.8333333333333334,0.2,1,-1.4757744436475166,37,lerique,pce05__EDA__trials_concat
0.717948717948718,0.28205128205128205,2.5454545454545454,1,-1.5229637403423129,40,lerique,pce05__EDA__trials_concat
0.1891891891891892,0.8108108108108109,0.23333333333333334,1,-2.0034169690252788,38,lerique,pce05__EDA__trials_concat
0.11428571428571428,0.8857142857142857,0.12903225806451613,2,-0.4186845598899542,36,lerique,pce05__EDA__trials_concat
0.7254901960784313,0.27450980392156865,2.642857142857143,2,-1.485136713343183,52,lerique,pce05__EDA__trials_concat
0.3333333333333333,0.6666666666666666,0.5,0,0.6677580672988386,4,lerique,pce05__RESP__trials_concat
0.034482758620689655,0.9655172413793104,0.03571428571428571,0,0.8307085053586651,30,lerique,pce06__ECG__trials_concat
0.0,1.0,0.0,1,-2.707479179310105,31,lerique,pce06__ECG__trials_concat
0.034482758620689655,0.9655172413793104,0.03571428571428571,0,0.986289230045082,30,lerique,pce06__ECG__trials_concat
0.7586206896551724,0.2413793103448276,3.142857142857143,0,-0.40282528494020275,30,lerique,pce06__ECG__trials_concat
0.7142857142857143,0.2857142857142857,2.5,0,-1.0020007891908584,8,lerique,pce06__ECG__trials_concat
0.8,0.2,4.0,1,0.25115881524092265,11,lerique,pce06__ECG__trials_concat
0.125,0.875,0.14285714285714285,3,0.1835434177824233,33,lerique,pce06__ECG__trials_concat
0.896551724137931,0.10344827586206896,8.666666666666666,0,0.43855715330885914,30,lerique,pce06__ECG__trials_concat
0.625,0.375,1.6666666666666667,1,-0.220136205985639,9,lerique,pce06__ECG__trials_concat
0.8,0.2,4.0,1,-2.5100655077117087,11,lerique,pce06__EDA__trials_concat
0.125,0.875,0.14285714285714285,1,-0.39371068251933167,17,lerique,pce06__EDA__trials_concat
0.9666666666666667,0.03333333333333333,29.0,2,-1.926642800438291,31,lerique,pce06__EDA__trials_concat
0.8888888888888888,0.1111111111111111,8.0,1,-0.0796148869907353,10,lerique,pce06__EDA__trials_concat
0.6,0.4,1.5,1,-0.5531962438535614,6,lerique,pce06__EDA__trials_concat
0.0,1.0,0.0,0,-0.41391795711909835,12,lerique,pce06__EDA__trials_concat
0.12,0.88,0.13636363636363635,1,1.7620121098773986,26,lerique,pce06__EDA__trials_concat
0.43333333333333335,0.5666666666666667,0.7647058823529411,1,-2.9558524032119964,31,lerique,pce06__EDA__trials_concat
0.55,0.45,1.2222222222222223,1,-0.47003528341830636,21,lerique,pce06__EDA__trials_concat
0.725,0.275,2.6363636363636362,1,-0.6016962116734081,41,lerique,pce06__EDA__trials_concat
0.1,0.9,0.1111111111111111,1,-0.8697704758379207,21,lerique,pce06__EDA__trials_concat
0.13043478260869565,0.8695652173913043,0.15,2,-2.08265510929081,47,lerique,pce06__EDA__trials_concat
0.896551724137931,0.10344827586206896,8.666666666666666,2,0.07837743695172762,30,lerique,pce07__ECG__trials_concat
0.16666666666666666,0.8333333333333334,0.2,1,-0.4273735022255499,25,lerique,pce07__ECG__trials_concat
0.3333333333333333,0.6666666666666666,0.5,0,-0.5463632024461078,4,lerique,pce07__ECG__trials_concat
0.6363636363636364,0.36363636363636365,1.75,1,-0.09909016771853499,12,lerique,pce07__ECG__trials_concat
0.0,1.0,0.0,1,0.058997793073907956,30,lerique,pce07__ECG__trials_concat
0.3333333333333333,0.6666666666666666,0.5,0,-0.4689180710438738,4,lerique,pce07__ECG__trials_concat
0.3181818181818182,0.6818181818181818,0.4666666666666667,1,-1.00425308247834,23,lerique,pce07__ECG__trials_concat
0.275,0.725,0.3793103448275862,3,-0.27949119663235317,41,lerique,pce07__ECG__trials_concat
0.5,0.5,1.0,0,0.0637114114712676,7,lerique,pce07__ECG__trials_concat
1.0,0.0,3.0,0,-1.0393780948349987,4,lerique,pce07__ECG__trials_concat
0.6923076923076923,0.3076923076923077,2.25,1,-0.541439418125394,14,lerique,pce07__EDA__rest1
0.3333333333333333,0.6666666666666666,0.5,1,-0.10841725972140769,7,lerique,pce07__EDA__trials_concat
0.3333333333333333,0.6666666666666666,0.5,0,-1.0048733202852989,4,lerique,pce07__EDA__trials_concat
0.8571428571428571,0.14285714285714285,6.0,1,-0.8569587051188483,15,lerique,pce07__EDA__trials_concat
0.7777777777777778,0.2222222222222222,3.5,1,-0.03859597346614964,28,lerique,pce07__EDA__trials_concat
0.045454545454545456,0.9545454545454546,0.047619047619047616,0,-0.5954023036581407,23,lerique,pce07__EDA__trials_concat
0.8,0.2,4.0,1,-1.2990167625146016,11,lerique,pce07__EDA__trials_concat
0.9024390243902439,0.0975609756097561,9.25,3,-0.17224391487741564,42,lerique,pce07__EDA__trials_concat
0.3548387096774194,0.6451612903225806,0.55,1,-2.7460306037586086,32,lerique,pce07__EDA__trials_concat
0.7894736842105263,0.21052631578947367,3.75,1,-0.28789365823860724,20,lerique,pce07__EDA__trials_concat
0.14705882352941177,0.8529411764705882,0.1724137931034483,2,-2.5670994904703637,35,lerique,pce07__EDA__trials_concat
0.7692307692307693,0.23076923076923078,3.3333333333333335,1,-0.16873787654795702,27,lerique,pce07__EDA__trials_concat
0.5,0.5,1.0,1,0.09436706919937589,5,lerique,pce07__EDA__trials_concat
0.21052631578947367,0.7894736842105263,0.26666666666666666,1,-2.3563515425898953,39,lerique,pce07__EDA__trials_concat
1.0,0.0,3.0,0,-0.07853232273648236,4,lerique,pce07__EDA__trials_concat
0.7777777777777778,0.2222222222222222,3.5,2,0.7466698125509599,10,lerique,pce07__EDA__trials_concat
0.6666666666666666,0.3333333333333333,2.0,1,-0.13498813181149935,10,lerique,pce08__ECG__trials_concat
0.75,0.25,3.0,0,0.0915962960714962,9,lerique,pce08__EDA__rest1
0.0,1.0,0.0,0,-0.8876815585141566,4,lerique,pce08__EDA__trials_concat
0.6,0.4,1.5,1,-0.3168640573428728,6,lerique,pce08__EDA__trials_concat
0.2727272727272727,0.7272727272727273,0.375,1,-1.2261580756336756,12,lerique,pce08__EDA__trials_concat
0.7142857142857143,0.2857142857142857,2.5,1,0.23172503760104152,15,lerique,pce08__EDA__trials_concat
0.20930232558139536,0.7906976744186046,0.2647058823529412,3,-1.4114949233943075,44,lerique,pce08__EDA__trials_concat
0.3333333333333333,0.6666666666666666,0.5,1,-0.1606236671153508,4,lerique,pce08__EDA__trials_concat
0.06666666666666667,0.9333333333333333,0.07142857142857142,2,-1.2934317486639304,31,lerique,pce08__EDA__trials_concat
0.1111111111111111,0.8888888888888888,0.125,2,-0.1530739394692027,10,lerique,pce08__EDA__trials_concat
0.47619047619047616,0.5238095238095238,0.9090909090909091,1,-0.73152398853757,22,lerique,pce09__ECG__trials_concat
0.2,0.8,0.25,1,0.418973319765224,11,lerique,pce09__ECG__trials_concat
0.8461538461538461,0.15384615384615385,5.5,0,0.055715856269328255,14,lerique,pce09__ECG__trials_concat
0.1,0.9,0.1111111111111111,3,-1.6347552370643923,31,lerique,pce09__ECG__trials_concat
0.5454545454545454,0.45454545454545453,1.2,2,0.5293603263021345,12,lerique,pce09__ECG__trials_concat
0.0,1.0,0.0,0,1.2034009004138035,7,lerique,pce09__ECG__trials_concat
1.0,0.0,14.0,0,0.7462440719684199,15,lerique,pce09__ECG__trials_concat
0.13636363636363635,0.8636363636363636,0.15789473684210525,1,-2.0906011984291157,23,lerique,pce09__ECG__trials_concat
0.1875,0.8125,0.23076923076923078,1,1.015832195734986,17,lerique,pce09__EDA__trials_concat
0.4117647058823529,0.5882352941176471,0.7,1,-2.583384778943748,35,lerique,pce09__EDA__trials_concat
0.06451612903225806,0.9354838709677419,0.06896551724137931,1,2.566530417068766,32,lerique,pce09__EDA__trials_concat
0.5833333333333334,0.4166666666666667,1.4,1,-2.4339415637601873,37,lerique,pce09__EDA__trials_concat
0.6216216216216216,0.3783783783783784,1.6428571428571428,1,-0.9226267944540676,38,lerique,pce09__EDA__trials_concat
0.5333333333333333,0.4666666666666667,1.1428571428571428,1,-0.290147964559283,31,lerique,pce09__EDA__trials_concat
0.42105263157894735,0.5789473684210527,0.7272727272727273,1,-1.5041511506986927,20,lerique,pce09__EDA__trials_concat
0.16666666666666666,0.8333333333333334,0.2,1,-1.159348567652483,37,lerique,pce09__EDA__trials_concat
0.6666666666666666,0.3333333333333333,2.0,0,-0.3808905247940931,4,lerique,pce09__EDA__trials_concat
0.6666666666666666,0.3333333333333333,2.0,1,-0.1683831599873499,4,lerique,pce09__EDA__trials_concat
0.525,0.475,1.105263157894737,1,-1.9397140285112295,41,lerique,pce09__EDA__trials_concat
0.11214953271028037,0.8878504672897196,0.12631578947368421,5,-1.4081730462366133,108,lerique,pce09__EDA__trials_concat
0.6363636363636364,0.36363636363636365,1.75,0,-0.7864525218995543,23,lerique,pce09__EDA__trials_concat
0.4375,0.5625,0.7777777777777778,1,-0.16386442096346795,33,lerique,pce09__EDA__trials_concat
0.3333333333333333,0.6666666666666666,0.5,0,-0.8762134527864419,4,lerique,pce10__ECG__rest1
0.5,0.5,1.0,0,-0.1058292432123225,11,lerique,pce10__ECG__trials_concat
1.0,0.0,24.0,1,1.3570793430705046,25,lerique,pce10__ECG__trials_concat
0.8,0.2,4.0,1,-0.460177486783006,21,lerique,pce10__ECG__trials_concat
1.0,0.0,5.0,0,1.3057072566322712,6,lerique,pce10__ECG__trials_concat
1.0,0.0,4.0,0,0.9289909778379465,5,lerique,pce10__ECG__trials_concat
0.2413793103448276,0.7586206896551724,0.3181818181818182,2,-1.3476793485282716,30,lerique,pce10__ECG__trials_concat
0.13793103448275862,0.8620689655172413,0.16,0,1.089460951118998,30,lerique,pce10__ECG__trials_concat
1.0,0.0,14.0,0,1.0856814851872658,15,lerique,pce10__ECG__trials_concat
0.17647058823529413,0.8235294117647058,0.21428571428571427,1,-1.0394221393608167,18,lerique,pce10__ECG__trials_concat
0.275,0.725,0.3793103448275862,2,-0.9884734216748923,41,lerique,pce10__EDA__trials_concat
0.25,0.75,0.3333333333333333,1,-1.203196490840792,33,lerique,pce10__EDA__trials_concat
0.08333333333333333,0.9166666666666666,0.09090909090909091,1,0.0870429421042933,37,lerique,pce10__EDA__trials_concat
0.10526315789473684,0.8947368421052632,0.11764705882352941,2,-0.6212658460052535,39,lerique,pce10__EDA__trials_concat
0.5,0.5,1.0,1,-0.026025014255578786,7,lerique,pce10__EDA__trials_concat
0.3333333333333333,0.6666666666666666,0.5,1,0.1309138750622135,4,lerique,pce10__EDA__trials_concat
0.0,1.0,0.0,0,0.5154892385803447,15,lerique,pce10__EDA__trials_concat
0.3333333333333333,0.6666666666666666,0.5,0,-1.0193822851494645,4,lerique,pce10__EDA__trials_concat
0.06451612903225806,0.9354838709677419,0.06896551724137931,2,1.368169033553524,32,lerique,pce10__EDA__trials_concat
0.7722772277227723,0.22772277227722773,3.391304347826087,4,-1.0987803423520008,102,lerique,pce10__EDA__trials_concat
0.2564102564102564,0.7435897435897436,0.3448275862068966,1,-0.5863354713996121,40,lerique,pce10__EDA__trials_concat
0.48,0.52,0.9230769230769231,1,-0.7955666322003616,26,lerique,pce10__EDA__trials_concat
0.3181818181818182,0.6818181818181818,0.4666666666666667,1,-1.4415322968615367,45,lerique,pce10__EDA__trials_concat
0.12295081967213115,0.8770491803278688,0.14018691588785046,4,-1.3869410302291239,123,lerique,pce10__EDA__trials_concat
0.3333333333333333,0.6666666666666666,0.5,1,0.02575464201964202,19,lerique,pce10__RESP__rest1
0.25,0.75,0.3333333333333333,0,-0.31214843579224977,5,lerique,pce10__RESP__trials_concat
0.25,0.75,0.3333333333333333,1,-0.5555862138144205,9,lerique,pce10__RESP__trials_concat
0.5714285714285714,0.42857142857142855,1.3333333333333333,2,-0.09383453616967939,15,lerique,pce11__ECG__rest1
0.25,0.75,0.3333333333333333,1,0.08267119019108282,5,lerique,pce11__ECG__trials_concat
0.0,1.0,0.0,0,-0.012518369949603678,30,lerique,pce11__ECG__trials_concat
0.0,1.0,0.0,0,-0.20768989928658996,4,lerique,pce11__ECG__trials_concat
0.0,1.0,0.0,0,0.06687070989973104,30,lerique,pce11__ECG__trials_concat
0.4444444444444444,0.5555555555555556,0.8,1,-0.29581427772640306,10,lerique,pce11__ECG__trials_concat
0.20689655172413793,0.7931034482758621,0.2608695652173913,1,0.37355211092879137,30,lerique,pce11__ECG__trials_concat
0.7777777777777778,0.2222222222222222,3.5,1,-0.08237934399835523,10,lerique,pce11__ECG__trials_concat
0.3225806451612903,0.6774193548387096,0.47619047619047616,1,-3.1653998117203925,32,lerique,pce11__ECG__trials_concat
0.25,0.75,0.3333333333333333,1,-0.8149056060149521,5,lerique,pce11__EDA__trials_concat
0.7631578947368421,0.23684210526315788,3.2222222222222223,3,-0.7026868947755491,39,lerique,pce11__EDA__trials_concat
0.3333333333333333,0.6666666666666666,0.5,0,0.29576578416485805,4,lerique,pce11__EDA__trials_concat
0.35185185185185186,0.6481481481481481,0.5428571428571428,1,-2.902608872330653,55,lerique,pce11__EDA__trials_concat
0.17073170731707318,0.8292682926829268,0.20588235294117646,1,-1.8348204047070182,42,lerique,pce11__EDA__trials_concat
0.7241379310344828,0.27586206896551724,2.625,1,0.1766665273332008,30,lerique,pce11__RESP__rest1
0.0,1.0,0.0,0,-0.2181614676237173,4,lerique,pce11__RESP__trials_concat
0.0,1.0,0.0,0,-0.562395695609232,7,lerique,pce11__RESP__trials_concat
0.3,0.7,0.42857142857142855,1,0.10580619516424031,11,lerique,pce11__RESP__trials_concat
0.8571428571428571,0.14285714285714285,6.0,1,-0.32799144218341114,8,lerique,pce11__RESP__trials_concat
0.5,0.5,1.0,0,-0.4513732188141257,7,lerique,pce11__RESP__trials_concat
0.46153846153846156,0.5384615384615384,0.8571428571428571,1,-0.03279286171990766,14,lerique,pce11__RESP__trials_concat
0.6666666666666666,0.3333333333333333,2.0,1,-0.20170596319187134,7,lerique,pce12__ECG__rest1
0.0,1.0,0.0,0,0.36899499263041813,6,lerique,pce12__ECG__trials_concat
0.8571428571428571,0.14285714285714285,6.0,0,-0.31208685587524776,15,lerique,pce12__ECG__trials_concat
0.4166666666666667,0.5833333333333334,0.7142857142857143,1,-0.9812742318035168,13,lerique,pce12__ECG__trials_concat
0.4,0.6,0.6666666666666666,1,-0.8998295167922405,11,lerique,pce12__ECG__trials_concat
0.5555555555555556,0.4444444444444444,1.25,1,-0.2698174657999061,10,lerique,pce12__ECG__trials_concat
0.5,0.5,1.0,1,-0.27132880712750257,5,lerique,pce12__ECG__trials_concat
0.5833333333333334,0.4166666666666667,1.4,1,0.5899950375336201,13,lerique,pce12__ECG__trials_concat
0.8181818181818182,0.18181818181818182,4.5,0,-0.1451390660863804,12,lerique,pce12__ECG__trials_concat
0.625,0.375,1.6666666666666667,1,-0.6184007002478242,9,lerique,pce12__ECG__trials_concat
0.5555555555555556,0.4444444444444444,1.25,1,-0.3500604171038328,10,lerique,pce12__ECG__trials_concat
0.8695652173913043,0.13043478260869565,6.666666666666667,1,1.5942311258523332,24,lerique,pce12__EDA__trials_concat
0.4,0.6,0.6666666666666666,0,-0.5356644490175094,6,lerique,pce12__EDA__trials_concat
0.20588235294117646,0.7941176470588235,0.25925925925925924,1,0.01228522127157564,35,lerique,pce12__EDA__trials_concat
0.24489795918367346,0.7551020408163265,0.32432432432432434,1,-1.5644098408780163,50,lerique,pce12__EDA__trials_concat
0.8888888888888888,0.1111111111111111,8.0,1,-0.3607230131495418,10,lerique,pce12__EDA__trials_concat
0.8888888888888888,0.1111111111111111,8.0,1,-1.027359047986286,19,lerique,pce12__EDA__trials_concat
0.7142857142857143,0.2857142857142857,2.5,1,-0.30906185549961673,8,lerique,pce12__EDA__trials_concat
0.8,0.2,4.0,0,-0.12550421699855407,6,lerique,pce12__EDA__trials_concat
1.0,0.0,3.0,0,0.32030145520119835,4,lerique,pce12__RESP__trials_concat
0.06896551724137931,0.9310344827586207,0.07407407407407407,1,1.01694374838038,30,lerique,pce13__ECG__trials_concat
0.0,1.0,0.0,0,1.7746247197123117,11,lerique,pce13__ECG__trials_concat
0.5384615384615384,0.46153846153846156,1.1666666666666667,1,-0.6716334129296223,14,lerique,pce13__ECG__trials_concat
1.0,0.0,5.0,0,-1.398429224473013,6,lerique,pce13__ECG__trials_concat
0.43333333333333335,0.5666666666666667,0.7647058823529411,2,-2.8160253704638945,31,lerique,pce13__ECG__trials_concat
0.15625,0.84375,0.18518518518518517,2,-0.01707182976277401,33,lerique,pce13__ECG__trials_concat
0.9642857142857143,0.03571428571428571,27.0,2,0.5938229202581253,29,lerique,pce13__ECG__trials_concat
1.0,0.0,27.0,0,0.972857033452196,28,lerique,pce13__ECG__trials_concat
0.14285714285714285,0.8571428571428571,0.16666666666666666,1,0.5432059105015227,15,lerique,pce13__ECG__trials_concat
0.125,0.875,0.14285714285714285,1,-2.0025477638824545,33,lerique,pce13__ECG__trials_concat
0.10344827586206896,0.896551724137931,0.11538461538461539,1,-0.03323675928605858,30,lerique,pce13__ECG__trials_concat
0.625,0.375,1.6666666666666667,1,-0.15071289818011696,17,lerique,pce13__EDA__rest1
0.7391304347826086,0.2608695652173913,2.8333333333333335,1,1.2171429807494596,24,lerique,pce13__EDA__trials_concat
0.7948717948717948,0.20512820512820512,3.875,1,-1.6927613788400309,40,lerique,pce13__EDA__trials_concat
0.1111111111111111,0.8888888888888888,0.125,1,-2.842353760492184,37,lerique,pce13__EDA__trials_concat
0.75,0.25,3.0,1,-2.5520578782392294,33,lerique,pce13__EDA__trials_concat
0.78125,0.21875,3.5714285714285716,1,0.6888521945323619,33,lerique,pce13__EDA__trials_concat
0.2826086956521739,0.717391304347826,0.3939393939393939,1,-2.8235431849374946,47,lerique,pce13__EDA__trials_concat
0.8,0.2,4.0,1,0.23661484176663183,6,lerique,pce13__EDA__trials_concat
0.6875,0.3125,2.2,1,-0.7695698724371504,65,lerique,pce13__EDA__trials_concat
0.2916666666666667,0.7083333333333334,0.4117647058823529,1,-0.8434703564912622,25,lerique,pce13__EDA__trials_concat
0.75,0.25,3.0,1,-0.29770874526980484,5,lerique,pce13__EDA__trials_concat
0.7142857142857143,0.2857142857142857,2.5,2,-0.7076716356183798,57,lerique,pce13__EDA__trials_concat
0.9487179487179487,0.05128205128205128,18.5,3,1.894535350865544,40,lerique,pce13__EDA__trials_concat
0.6883116883116883,0.3116883116883117,2.2083333333333335,3,-0.24129341562326592,78,lerique,pce13__EDA__trials_concat
0.8461538461538461,0.15384615384615385,5.5,2,0.6292821006013005,40,lerique,pce13__EDA__trials_concat
0.16666666666666666,0.8333333333333334,0.2,0,-1.577245397478127,7,lerique,pce13__EDA__trials_concat
0.875,0.125,7.0,1,-0.088486187366487,9,lerique,pce13__RESP__rest1
0.7222222222222222,0.2777777777777778,2.6,1,-0.7811215062291627,19,lerique,pce13__RESP__trials_concat
0.43333333333333335,0.5666666666666667,0.7647058823529411,1,-0.4254795010552979,31,lerique,pce13__RESP__trials_concat
0.3,0.7,0.42857142857142855,0,-0.6622982399785792,11,lerique,pce13__RESP__trials_concat
0.7567567567567568,0.24324324324324326,3.111111111111111,1,0.07305006120560785,38,lerique,pce14__ECG__trials_concat
0.3333333333333333,0.6666666666666666,0.5,0,-0.6355983282174726,7,lerique,pce14__ECG__trials_concat
0.875,0.125,7.0,0,-0.2757673070288064,9,lerique,pce14__ECG__trials_concat
0.8181818181818182,0.18181818181818182,4.5,0,-1.7973302228759296,12,lerique,pce14__ECG__trials_concat
0.6097560975609756,0.3902439024390244,1.5625,2,-0.23284191146121833,42,lerique,pce14__EDA__rest1
0.6666666666666666,0.3333333333333333,2.0,1,-0.28291088474078463,7,lerique,pce14__EDA__trials_concat
0.2222222222222222,0.7777777777777778,0.2857142857142857,1,-1.8685522467794826,37,lerique,pce14__EDA__trials_concat
0.6153846153846154,0.38461538461538464,1.6,1,-0.21212684467887377,27,lerique,pce14__EDA__trials_concat
0.1,0.9,0.1111111111111111,2,0.6147130516107754,11,lerique,pce14__EDA__trials_concat
0.3333333333333333,0.6666666666666666,0.5,0,0.15911189104208945,4,lerique,pce14__EDA__trials_concat
0.6744186046511628,0.32558139534883723,2.0714285714285716,1,-1.454471935707955,44,lerique,pce14__EDA__trials_concat
0.08333333333333333,0.9166666666666666,0.09090909090909091,1,-0.5436780153786847,37,lerique,pce14__EDA__trials_concat
0.45,0.55,0.8181818181818182,1,-0.6710458868428516,21,lerique,pce14__EDA__trials_concat
0.2702702702702703,0.7297297297297297,0.37037037037037035,1,-2.0811926595534698,38,lerique,pce14__EDA__trials_concat
0.4186046511627907,0.5813953488372093,0.72,1,-1.2574379895327388,44,lerique,pce14__EDA__trials_concat
0.7105263157894737,0.2894736842105263,2.4545454545454546,1,-1.347854556249075,39,lerique,pce14__EDA__trials_concat
0.35555555555555557,0.6444444444444445,0.5517241379310345,1,-2.129441846263713,46,lerique,pce14__EDA__trials_concat
0.0,1.0,0.0,0,1.1342499380653428,12,lerique,pce14__EDA__trials_concat
0.9354838709677419,0.06451612903225806,14.5,1,1.305618884560846,32,lerique,pce14__EDA__trials_concat
0.8181818181818182,0.18181818181818182,4.5,1,0.05538914218768156,34,lerique,pce14__EDA__trials_concat
0.21739130434782608,0.782608695652174,0.2777777777777778,1,0.06243297174094622,24,lerique,pce14__RESP__trials_concat
0.0,1.0,0.0,0,-1.3977560230466834,5,lerique,pce15__ECG__trials_concat
0.0,1.0,0.0,0,0.5445664456776177,9,lerique,pce15__ECG__trials_concat
0.4583333333333333,0.5416666666666666,0.8461538461538461,1,-2.1812896483946425,25,lerique,pce15__EDA__trials_concat
0.6923076923076923,0.3076923076923077,2.25,1,-2.175897826079537,40,lerique,pce15__EDA__trials_concat
0.35294117647058826,0.6470588235294118,0.5454545454545454,2,-0.2099421983152514,35,lerique,pce15__EDA__trials_concat
0.59375,0.40625,1.4615384615384615,1,-1.4209707361928996,33,lerique,pce15__EDA__trials_concat
0.75,0.25,3.0,0,-0.1878640266278816,5,lerique,pce15__EDA__trials_concat
0.2857142857142857,0.7142857142857143,0.4,0,-1.5773954239044607,8,lerique,pce15__EDA__trials_concat
0.3050847457627119,0.6949152542372882,0.43902439024390244,5,-0.651975627578464,60,lerique,pce15__EDA__trials_concat
0.3333333333333333,0.6666666666666666,0.5,2,-1.0823652797978136,43,lerique,pce15__EDA__trials_concat
0.1891891891891892,0.8108108108108109,0.23333333333333334,1,-1.5046651052334918,38,lerique,pce15__EDA__trials_concat
0.625,0.375,1.6666666666666667,1,0.05448347876928874,17,lerique,pce15__RESP__trials_concat
0.375,0.625,0.6,1,-0.08635955571481783,9,lerique,pce15__RESP__trials_concat
0.42857142857142855,0.5714285714285714,0.75,1,-0.2725567468983223,15,lerique,pce15__RESP__trials_concat
1.0,0.0,3.0,0,0.06646368053980013,4,lerique,pce15__RESP__trials_concat
0.6,0.4,1.5,1,0.10407523453552013,21,lerique,pce16__ECG__rest1
0.2222222222222222,0.7777777777777778,0.2857142857142857,1,-0.06796660555012417,10,lerique,pce16__ECG__trials_concat
0.21951219512195122,0.7804878048780488,0.28125,1,-0.9229612646788199,42,lerique,pce16__ECG__trials_concat
0.46296296296296297,0.5370370370370371,0.8620689655172413,2,-1.5706959650390875,55,lerique,pce16__ECG__trials_concat
0.3333333333333333,0.6666666666666666,0.5,0,0.2141560167801781,4,lerique,pce16__ECG__trials_concat
0.24324324324324326,0.7567567567567568,0.32142857142857145,2,-1.0697806983709544,38,lerique,pce16__ECG__trials_concat
0.25,0.75,0.3333333333333333,0,0.3334552945359999,5,lerique,pce16__ECG__trials_concat
0.0,1.0,0.0,1,1.33295850412787,30,lerique,pce16__ECG__trials_concat
0.3333333333333333,0.6666666666666666,0.5,0,-0.6516797211129165,4,lerique,pce16__ECG__trials_concat
0.0,1.0,0.0,0,1.1131503443079098,30,lerique,pce16__ECG__trials_concat
0.5,0.5,1.0,1,-0.4622348980778044,7,lerique,pce16__ECG__trials_concat
0.8285714285714286,0.17142857142857143,4.833333333333333,1,-1.7153056666704243,36,lerique,pce16__ECG__trials_concat
0.2857142857142857,0.7142857142857143,0.4,0,-0.9848336443823417,8,lerique,pce16__ECG__trials_concat
0.0,1.0,0.0,0,2.373194009864713,30,lerique,pce16__ECG__trials_concat
0.25,0.75,0.3333333333333333,1,-0.22044734107404532,5,lerique,pce16__ECG__trials_concat
0.1724137931034483,0.8275862068965517,0.20833333333333334,1,0.23263163453024857,30,lerique,pce16__ECG__trials_concat
0.5,0.5,1.0,1,0.3491013969757492,5,lerique,pce16__ECG__trials_concat
0.6666666666666666,0.3333333333333333,2.0,0,-0.007231579132566355,4,lerique,pce16__ECG__trials_concat
0.75,0.25,3.0,1,0.6814869319035061,5,lerique,pce16__EDA__trials_concat
0.9090909090909091,0.09090909090909091,10.0,2,0.33968305749956335,12,lerique,pce16__EDA__trials_concat
0.375,0.625,0.6,0,-0.10731728585722736,25,lerique,pce16__EDA__trials_concat
0.0,1.0,0.0,1,-0.2201566271685624,18,lerique,pce16__EDA__trials_concat
0.1724137931034483,0.8275862068965517,0.20833333333333334,2,-1.9269878126345736,30,lerique,pce16__EDA__trials_concat
0.41935483870967744,0.5806451612903226,0.7222222222222222,1,-2.5213961658783997,32,lerique,pce16__EDA__trials_concat
0.19444444444444445,0.8055555555555556,0.2413793103448276,1,1.895177529587153,37,lerique,pce16__EDA__trials_concat
0.5483870967741935,0.45161290322580644,1.2142857142857142,1,-2.5251307356931996,32,lerique,pce16__EDA__trials_concat
0.23809523809523808,0.7619047619047619,0.3125,1,-0.44183616999924413,43,lerique,pce16__EDA__trials_concat
0.2708333333333333,0.7291666666666666,0.37142857142857144,1,-2.757448634047712,49,lerique,pce16__EDA__trials_concat
0.24,0.76,0.3157894736842105,2,-1.3410355807015495,26,lerique,pce16__EDA__trials_concat
0.5909090909090909,0.4090909090909091,1.4444444444444444,1,-1.0266303206738452,45,lerique,pce16__EDA__trials_concat
0.16666666666666666,0.8333333333333334,0.2,1,-1.3979137574300808,43,lerique,pce16__EDA__trials_concat
0.5714285714285714,0.42857142857142855,1.3333333333333333,1,0.49750967077830577,8,lerique,pce16__RESP__trials_concat
0.65,0.35,1.8571428571428572,1,0.8090664944880936,21,lerique,pce16__RESP__trials_concat
0.5555555555555556,0.4444444444444444,1.25,1,-0.21002351209432615,19,lerique,pce16__RESP__trials_concat
0.5454545454545454,0.45454545454545453,1.2,1,-0.9629874658891532,12,lerique,pce16__RESP__trials_concat
0.2692307692307692,0.7307692307692307,0.3684210526315789,1,-1.7671703779419905,27,lerique,pce17__ECG__trials_concat
0.4,0.6,0.6666666666666666,1,0.7672712844747936,6,lerique,pce17__ECG__trials_concat
0.8,0.2,4.0,1,-0.3690572925975769,6,lerique,pce17__ECG__trials_concat
0.06896551724137931,0.9310344827586207,0.07407407407407407,1,1.3471365615910882,30,lerique,pce17__ECG__trials_concat
0.375,0.625,0.6,1,-1.156199735054515,9,lerique,pce17__ECG__trials_concat
0.3793103448275862,0.6206896551724138,0.6111111111111112,1,-0.3323308843257954,30,lerique,pce17__ECG__trials_concat
0.1,0.9,0.1111111111111111,2,0.4217630722144803,31,lerique,pce17__ECG__trials_concat
0.25,0.75,0.3333333333333333,0,0.7523148038782561,5,lerique,pce17__ECG__trials_concat
0.5238095238095238,0.47619047619047616,1.1,1,-0.3635466782637806,22,lerique,pce17__EDA__rest1
0.40540540540540543,0.5945945945945946,0.6818181818181818,1,-2.5655409246930057,38,lerique,pce17__EDA__trials_concat
0.9629629629629629,0.037037037037037035,26.0,0,1.2217880081496224,28,lerique,pce17__EDA__trials_concat
0.13333333333333333,0.8666666666666667,0.15384615384615385,2,1.5241556393804923,31,lerique,pce17__EDA__trials_concat
0.6590909090909091,0.3409090909090909,1.9333333333333333,1,-1.8939742808225428,45,lerique,pce17__EDA__trials_concat
0.75,0.25,3.0,4,-0.8938686166146232,57,lerique,pce17__EDA__trials_concat
0.660377358490566,0.33962264150943394,1.9444444444444444,1,-0.9483360724787565,54,lerique,pce17__EDA__trials_concat
0.29545454545454547,0.7045454545454546,0.41935483870967744,1,-1.4622761088086649,45,lerique,pce17__EDA__trials_concat
0.6813186813186813,0.31868131868131866,2.1379310344827585,2,-1.945512024788745,92,lerique,pce17__EDA__trials_concat
0.6458333333333334,0.3541666666666667,1.8235294117647058,3,-2.2614150369881583,97,lerique,pce17__EDA__trials_concat
0.3333333333333333,0.6666666666666666,0.5,1,-2.0221848045590507,34,lerique,pce17__EDA__trials_concat
0.75,0.25,3.0,0,-0.13578143278689692,5,lerique,pce18__ECG__trials_concat
1.0,0.0,29.0,0,-0.004506602287831627,30,lerique,pce18__ECG__trials_concat
0.6,0.4,1.5,0,0.5374234836701918,6,lerique,pce18__ECG__trials_concat
0.0,1.0,0.0,0,0.9294884970408112,30,lerique,pce18__ECG__trials_concat
0.027777777777777776,0.9722222222222222,0.02857142857142857,1,0.16928925148988686,37,lerique,pce18__ECG__trials_concat
0.5517241379310345,0.4482758620689655,1.2307692307692308,0,-1.227912232422341,30,lerique,pce18__ECG__trials_concat
0.0,1.0,0.0,1,-0.4222323979104845,30,lerique,pce18__ECG__trials_concat
0.9310344827586207,0.06896551724137931,13.5,0,0.6188354962787201,30,lerique,pce18__ECG__trials_concat
1.0,0.0,29.0,0,0.13601577845760923,30,lerique,pce18__ECG__trials_concat
1.0,0.0,5.0,0,-1.0100976077584678,6,lerique,pce18__ECG__trials_concat
0.0,1.0,0.0,0,-0.753601759983691,4,lerique,pce18__ECG__trials_concat
0.06666666666666667,0.9333333333333333,0.07142857142857142,0,-1.8134676404591215,31,lerique,pce18__ECG__trials_concat
0.3333333333333333,0.6666666666666666,0.5,1,-0.9583366444834759,7,lerique,pce18__ECG__trials_concat
0.8888888888888888,0.1111111111111111,8.0,1,0.04852225644527466,10,lerique,pce18__ECG__trials_concat
0.42857142857142855,0.5714285714285714,0.75,1,0.087844657388936,8,lerique,pce18__EDA__trials_concat
0.4,0.6,0.6666666666666666,2,-0.4962402051446504,36,lerique,pce18__EDA__trials_concat
0.3333333333333333,0.6666666666666666,0.5,1,0.2878857165217712,4,lerique,pce18__EDA__trials_concat
0.9473684210526315,0.05263157894736842,18.0,2,0.5498416105873278,20,lerique,pce18__EDA__trials_concat
1.0,0.0,11.0,0,-0.1980049651207799,12,lerique,pce18__EDA__trials_concat
0.5,0.5,1.0,0,-0.6439396091985221,5,lerique,pce18__EDA__trials_concat
0.3076923076923077,0.6923076923076923,0.4444444444444444,1,-1.131949362857911,14,lerique,pce18__EDA__trials_concat
0.3103448275862069,0.6896551724137931,0.45,1,-0.5675219455273589,30,lerique,pce18__EDA__trials_concat
0.2916666666666667,0.7083333333333334,0.4117647058823529,1,0.3475225753591209,25,lerique,pce18__EDA__trials_concat
0.5238095238095238,0.47619047619047616,1.1,1,-0.9987713197062466,22,lerique,pce19__ECG__trials_concat
0.3333333333333333,0.6666666666666666,0.5,1,-0.19377657281651556,10,lerique,pce19__ECG__trials_concat
0.8,0.2,4.0,1,-1.0315345488492604,21,lerique,pce19__ECG__trials_concat
0.10344827586206896,0.896551724137931,0.11538461538461539,1,-0.6710497288436377,30,lerique,pce19__ECG__trials_concat
0.5454545454545454,0.45454545454545453,1.2,1,-0.7115024181713409,12,lerique,pce19__ECG__trials_concat
0.25,0.75,0.3333333333333333,0,0.41469995140754046,5,lerique,pce19__ECG__trials_concat
0.75,0.25,3.0,0,-0.35555219891410367,13,lerique,pce19__ECG__trials_concat
0.5,0.5,1.0,0,-0.2986972819308968,5,lerique,pce19__ECG__trials_concat
0.25,0.75,0.3333333333333333,0,-1.3226033769081738,9,lerique,pce19__EDA__trials_concat
0.5151515151515151,0.48484848484848486,1.0625,1,-1.0779504465406669,34,lerique,pce19__EDA__trials_concat
0.17647058823529413,0.8235294117647058,0.21428571428571427,1,-0.6902929997242457,35,lerique,pce19__EDA__trials_concat
0.16666666666666666,0.8333333333333334,0.2,1,0.6473271915271299,31,lerique,pce19__EDA__trials_concat
0.5,0.5,1.0,2,-0.44083106829435686,19,lerique,pce19__EDA__trials_concat
0.6222222222222222,0.37777777777777777,1.6470588235294117,1,-1.2776341035891594,46,lerique,pce19__EDA__trials_concat
0.1276595744680851,0.8723404255319149,0.14634146341463414,2,0.428743735184114,48,lerique,pce19__EDA__trials_concat
0.4166666666666667,0.5833333333333334,0.7142857142857143,1,-0.6099652689380778,13,lerique,pce19__EDA__trials_concat
0.37142857142857144,0.6285714285714286,0.5909090909090909,1,-2.21727282319997,36,lerique,pce19__EDA__trials_concat
0.6666666666666666,0.3333333333333333,2.0,0,-1.081701577156469,4,lerique,pce19__RESP__rest1
0.45454545454545453,0.5454545454545454,0.8333333333333334,1,-0.25248604701365496,23,lerique,pce19__RESP__trials_concat
0.6363636363636364,0.36363636363636365,1.75,1,0.15149156986572002,23,lerique,pce19__RESP__trials_concat
1.0,0.0,3.0,0,-0.29764787877547877,4,lerique,pce19__RESP__trials_concat
0.32,0.68,0.47058823529411764,2,-1.5463092534917269,26,lerique,pce19__RESP__trials_concat
0.7142857142857143,0.2857142857142857,2.5,1,0.12287310385930013,8,lerique,pce19__RESP__trials_concat
0.4,0.6,0.6666666666666666,0,-0.4415166269191655,6,lerique,pce20__ECG__trials_concat
0.4,0.6,0.6666666666666666,0,-0.33966840967992545,11,lerique,pce20__ECG__trials_concat
0.631578947368421,0.3684210526315789,1.7142857142857142,3,-0.11580667354579771,39,lerique,pce20__ECG__trials_concat
0.0,1.0,0.0,0,0.24374650509794776,30,lerique,pce20__ECG__trials_concat
0.9354838709677419,0.06451612903225806,14.5,1,-3.166323105923785,32,lerique,pce20__ECG__trials_concat
0.6666666666666666,0.3333333333333333,2.0,1,-0.7015703561343152,10,lerique,pce20__ECG__trials_concat
0.3333333333333333,0.6666666666666666,0.5,0,-0.2636550838373578,4,lerique,pce20__ECG__trials_concat
1.0,0.0,13.0,0,-0.2408703569768128,14,lerique,pce20__EDA__rest1
0.9166666666666666,0.08333333333333333,11.0,1,-1.2419217726303327,37,lerique,pce20__EDA__trials_concat
0.5,0.5,1.0,1,-0.557064318057219,7,lerique,pce20__EDA__trials_concat
0.28,0.72,0.3888888888888889,1,-1.1568154046416896,51,lerique,pce20__EDA__trials_concat
0.9393939393939394,0.06060606060606061,15.5,1,-1.8885569631524468,34,lerique,pce20__EDA__trials_concat
0.6666666666666666,0.3333333333333333,2.0,1,-0.045826463000355394,4,lerique,pce20__EDA__trials_concat
0.4166666666666667,0.5833333333333334,0.7142857142857143,1,-2.394927514447205,37,lerique,pce20__EDA__trials_concat
0.7647058823529411,0.23529411764705882,3.25,1,-1.3734812492458885,18,lerique,pce20__EDA__trials_concat
0.92,0.08,11.5,1,-1.7237260433957318,26,lerique,pce20__EDA__trials_concat
0.19607843137254902,0.803921568627451,0.24390243902439024,1,-1.274890962986127,52,lerique,pce20__EDA__trials_concat
0.1951219512195122,0.8048780487804879,0.24242424242424243,3,-0.7794949952665247,42,lerique,pce20__EDA__trials_concat
0.3333333333333333,0.6666666666666666,0.5,1,0.04587071097035647,4,lerique,pce20__EDA__trials_concat
0.21052631578947367,0.7894736842105263,0.26666666666666666,1,-2.3516858993076686,39,lerique,pce20__EDA__trials_concat
0.9333333333333333,0.06666666666666667,14.0,2,1.5926718344918473,31,lerique,pce20__EDA__trials_concat
0.7333333333333333,0.26666666666666666,2.75,1,-1.0886615784115876,16,lerique,pce20__EDA__trials_concat
0.0,1.0,0.0,1,-2.0452690743719546,11,lerique,pce20__EDA__trials_concat
0.20689655172413793,0.7931034482758621,0.2608695652173913,1,0.07097009466797113,30,lerique,pce21__ECG__trials_concat
0.3333333333333333,0.6666666666666666,0.5,2,0.11283471814879678,16,lerique,pce21__ECG__trials_concat
0.0,1.0,0.0,0,0.23669004062710375,6,lerique,pce21__ECG__trials_concat
0.5333333333333333,0.4666666666666667,1.1428571428571428,0,-0.7698729209190076,16,lerique,pce21__ECG__trials_concat
0.4444444444444444,0.5555555555555556,0.8,0,-0.6393309898218446,10,lerique,pce21__ECG__trials_concat
0.2,0.8,0.25,1,-0.11429888766546925,6,lerique,pce21__ECG__trials_concat
0.25,0.75,0.3333333333333333,0,-0.6899249359009287,5,lerique,pce21__ECG__trials_concat
0.3333333333333333,0.6666666666666666,0.5,0,0.41523336952037193,4,lerique,pce21__ECG__trials_concat
0.3333333333333333,0.6666666666666666,0.5,1,-0.10941767503746022,7,lerique,pce21__EDA__trials_concat
1.0,0.0,3.0,0,-0.5863150941562726,4,lerique,pce21__EDA__trials_concat
0.625,0.375,1.6666666666666667,0,-1.7051093393400296,9,lerique,pce21__EDA__trials_concat
0.35714285714285715,0.6428571428571429,0.5555555555555556,0,-0.8230711410765083,15,lerique,pce21__EDA__trials_concat
0.875,0.125,7.0,1,0.5792370956557652,9,lerique,pce21__EDA__trials_concat
0.6060606060606061,0.3939393939393939,1.5384615384615385,1,-2.2318073868776547,34,lerique,pce21__EDA__trials_concat
0.6,0.4,1.5,0,0.046129417791508795,6,lerique,pce21__RESP__trials_concat
0.25,0.75,0.3333333333333333,1,-0.41524187017236314,5,lerique,pce22__ECG__trials_concat
0.5,0.5,1.0,0,-1.149628343173608,5,lerique,pce22__ECG__trials_concat
1.0,0.0,19.0,0,-0.5306870841776634,20,lerique,pce22__ECG__trials_concat
0.08,0.92,0.08695652173913043,1,0.9295432373404074,26,lerique,pce22__ECG__trials_concat
0.34782608695652173,0.6521739130434783,0.5333333333333333,2,-1.5749600598277096,24,lerique,pce22__ECG__trials_concat
1.0,0.0,6.0,0,-0.489193549792983,7,lerique,pce22__ECG__trials_concat
0.8,0.2,4.0,0,0.29649878094598026,6,lerique,pce22__ECG__trials_concat
0.0,1.0,0.0,0,0.9668775265486768,30,lerique,pce22__ECG__trials_concat
0.8,0.2,4.0,1,0.5113766468474613,6,lerique,pce22__ECG__trials_concat
0.5,0.5,1.0,1,-0.16174641892329106,7,lerique,pce22__ECG__trials_concat
0.3333333333333333,0.6666666666666666,0.5,1,0.29899296080251564,4,lerique,pce22__ECG__trials_concat
0.6666666666666666,0.3333333333333333,2.0,1,0.46759255847844045,4,lerique,pce22__EDA__rest1
0.40625,0.59375,0.6842105263157895,2,-0.9056183330644347,33,lerique,pce22__EDA__rest1
0.3333333333333333,0.6666666666666666,0.5,0,0.2280972850450164,4,lerique,pce22__EDA__trials_concat
0.3333333333333333,0.6666666666666666,0.5,1,0.888225057614937,4,lerique,pce22__EDA__trials_concat
0.2564102564102564,0.7435897435897436,0.3448275862068966,1,1.0486988064110272,40,lerique,pce22__EDA__trials_concat
0.5,0.5,1.0,1,-0.14541118052379293,5,lerique,pce22__EDA__trials_concat
0.6222222222222222,0.37777777777777777,1.6470588235294117,1,-1.6965174003779198,46,lerique,pce22__EDA__trials_concat
0.1875,0.8125,0.23076923076923078,2,-1.0787225387743513,49,lerique,pce22__EDA__trials_concat
0.75,0.25,3.0,1,0.050308239986645055,5,lerique,pce22__EDA__trials_concat
0.125,0.875,0.14285714285714285,1,0.5921542064852561,9,lerique,pce22__RESP__trials_concat
0.6428571428571429,0.35714285714285715,1.8,1,-0.2980185368089543,15,lerique,pce22__RESP__trials_concat
0.8571428571428571,0.14285714285714285,6.0,0,0.6651689960457473,8,lerique,pce22__RESP__trials_concat
0.2631578947368421,0.7368421052631579,0.35714285714285715,2,0.38767957392375957,20,lerique,pce23__ECG__rest1
0.2857142857142857,0.7142857142857143,0.4,1,-0.09515650891180674,8,lerique,pce23__ECG__trials_concat
0.5714285714285714,0.42857142857142855,1.3333333333333333,1,-0.5010071397305875,22,lerique,pce23__ECG__trials_concat
0.4,0.6,0.6666666666666666,1,-0.3136487224600294,6,lerique,pce23__ECG__trials_concat
0.0,1.0,0.0,0,-0.544568829160581,8,lerique,pce23__ECG__trials_concat
0.25,0.75,0.3333333333333333,1,-0.3908237883635376,9,lerique,pce23__ECG__trials_concat
0.2222222222222222,0.7777777777777778,0.2857142857142857,1,0.05615992328124143,10,lerique,pce23__ECG__trials_concat
0.7,0.3,2.3333333333333335,2,0.08068225444813552,31,lerique,pce23__ECG__trials_concat
0.2,0.8,0.25,0,-0.5940511576424324,6,lerique,pce23__ECG__trials_concat
0.21428571428571427,0.7857142857142857,0.2727272727272727,0,-0.4002783973125485,15,lerique,pce23__ECG__trials_concat
0.08333333333333333,0.9166666666666666,0.09090909090909091,0,0.3488713150663595,13,lerique,pce23__ECG__trials_concat
0.3333333333333333,0.6666666666666666,0.5,1,0.36798351041406063,7,lerique,pce23__ECG__trials_concat
0.6666666666666666,0.3333333333333333,2.0,0,-0.12886273770636153,4,lerique,pce23__EDA__trials_concat
0.6,0.4,1.5,1,0.24203832178498416,11,lerique,pce23__EDA__trials_concat
0.7610619469026548,0.23893805309734514,3.185185185185185,4,0.5036093279279219,114,lerique,pce23__EDA__trials_concat
0.6774193548387096,0.3225806451612903,2.1,1,-0.8142487505207613,32,lerique,pce23__EDA__trials_concat
0.3333333333333333,0.6666666666666666,0.5,1,-0.747246878124631,10,lerique,pce23__EDA__trials_concat
0.5769230769230769,0.4230769230769231,1.3636363636363635,1,-1.0758147722732998,27,lerique,pce23__EDA__trials_concat
0.5431034482758621,0.45689655172413796,1.1886792452830188,4,0.003955445506066941,117,lerique,pce23__EDA__trials_concat
0.12,0.88,0.13636363636363635,1,-1.0397212321873275,26,lerique,pce23__EDA__trials_concat
0.7078651685393258,0.29213483146067415,2.423076923076923,3,-0.05260509762300406,90,lerique,pce23__EDA__trials_concat
0.3333333333333333,0.6666666666666666,0.5,0,0.46909235098917773,4,lerique,pce23__RESP__trials_concat
0.18181818181818182,0.8181818181818182,0.2222222222222222,1,-0.05556188518765644,12,lerique,pce23__RESP__trials_concat
0.3333333333333333,0.6666666666666666,0.5,1,-0.6008560650025457,22,lerique,pce23__RESP__trials_concat
0.7222222222222222,0.2777777777777778,2.6,1,-0.1914471180264755,37,lerique,pce23__RESP__trials_concat
0.25,0.75,0.3333333333333333,0,-0.4036673901414802,5,lerique,pce23__RESP__trials_concat
0.5384615384615384,0.46153846153846156,1.1666666666666667,1,0.20214366681473758,14,lerique,pce23__RESP__trials_concat
0.631578947368421,0.3684210526315789,1.7142857142857142,1,-0.6037931410824733,20,lerique,pce23__RESP__trials_concat
0.11538461538461539,0.8846153846153846,0.13043478260869565,1,-1.0776922088198668,27,lerique,pce24__EDA__trials_concat
0.3333333333333333,0.6666666666666666,0.5,0,-0.7649741257763615,4,lerique,pce24__EDA__trials_concat
0.125,0.875,0.14285714285714285,2,0.06604316174230529,33,lerique,pce24__EDA__trials_concat
0.75,0.25,3.0,1,-0.7893381924967902,33,lerique,pce24__EDA__trials_concat
0.8020833333333334,0.19791666666666666,4.052631578947368,5,-0.08133260262582545,97,lerique,pce24__EDA__trials_concat
0.7317073170731707,0.2682926829268293,2.727272727272727,1,-1.4375605416286055,42,lerique,pce24__EDA__trials_concat
0.375,0.625,0.6,1,-0.011586938665352525,33,lerique,pce24__EDA__trials_concat
0.6666666666666666,0.3333333333333333,2.0,0,-0.3978238814111367,4,lerique,pce24__EDA__trials_concat
0.6590909090909091,0.3409090909090909,1.9333333333333333,2,-1.5882055776212358,45,lerique,pce24__EDA__trials_concat
0.0,1.0,0.0,2,-0.15853324818684217,30,lerique,pce24__EDA__trials_concat
0.4523809523809524,0.5476190476190477,0.8260869565217391,1,-1.1100341256515263,43,lerique,pce24__EDA__trials_concat
1.0,0.0,3.0,0,1.136998519470797,4,lerique,pce24__EDA__trials_concat
0.3333333333333333,0.6666666666666666,0.5,1,-1.4438825168924851,13,lerique,pce24__RESP__trials_concat
0.375,0.625,0.6,1,0.1950892746352448,17,lerique,pce24__RESP__trials_concat
0.16666666666666666,0.8333333333333334,0.2,1,0.7059738909491945,7,lerique,pce24__RESP__trials_concat
0.4444444444444444,0.5555555555555556,0.8,1,-0.3625992061003835,10,lerique,pce24__RESP__trials_concat
0.0,1.0,0.0,1,0.1557527452586615,30,lerique,pce25__ECG__trials_concat
0.034482758620689655,0.9655172413793104,0.03571428571428571,1,0.29429242754509766,30,lerique,pce25__ECG__trials_concat
0.25,0.75,0.3333333333333333,0,0.07623155572613258,5,lerique,pce25__ECG__trials_concat
0.9354838709677419,0.06451612903225806,14.5,1,-1.476905097471308,32,lerique,pce25__ECG__trials_concat
0.8571428571428571,0.14285714285714285,6.0,1,0.2692576195141744,8,lerique,pce25__ECG__trials_concat
0.5,0.5,1.0,1,1.4595042028138325,21,lerique,pce25__ECG__trials_concat
0.4,0.6,0.6666666666666666,1,-0.3925500142778582,6,lerique,pce25__ECG__trials_concat
0.9333333333333333,0.06666666666666667,14.0,1,-0.35800239900915215,31,lerique,pce25__ECG__trials_concat
0.21739130434782608,0.782608695652174,0.2777777777777778,1,0.5806388231492348,24,lerique,pce25__ECG__trials_concat
0.0,1.0,0.0,1,1.1113474017404668,30,lerique,pce25__ECG__trials_concat
0.0,1.0,0.0,0,0.6166418382662932,5,lerique,pce25__EDA__rest1
0.7906976744186046,0.20930232558139536,3.7777777777777777,1,-1.0057296374298172,44,lerique,pce25__EDA__rest1
0.7058823529411765,0.29411764705882354,2.4,1,0.6585362054645225,18,lerique,pce25__EDA__rest1
0.15384615384615385,0.8461538461538461,0.18181818181818182,1,-0.9467734571188376,14,lerique,pce25__EDA__rest1
0.0,1.0,0.0,0,-0.32637501375721284,4,lerique,pce25__EDA__rest1
0.8333333333333334,0.16666666666666666,5.0,0,-0.013121272975972341,7,lerique,pce25__EDA__trials_concat
0.14285714285714285,0.8571428571428571,0.16666666666666666,0,0.4373534250911595,8,lerique,pce25__EDA__trials_concat
0.17647058823529413,0.8235294117647058,0.21428571428571427,2,-1.270260526617709,35,lerique,pce25__EDA__trials_concat
0.873015873015873,0.12698412698412698,6.875,3,-1.4612122718078684,64,lerique,pce25__EDA__trials_concat
0.08823529411764706,0.9117647058823529,0.0967741935483871,1,-0.48083979507373076,35,lerique,pce25__EDA__trials_concat
0.25,0.75,0.3333333333333333,1,-0.8059089505799079,13,lerique,pce25__EDA__trials_concat
0.16,0.84,0.19047619047619047,2,-1.3311344078691214,26,lerique,pce25__EDA__trials_concat
0.1111111111111111,0.8888888888888888,0.125,1,-0.5269083170515234,19,lerique,pce25__EDA__trials_concat
0.6666666666666666,0.3333333333333333,2.0,1,0.2512314726934593,4,lerique,pce25__EDA__trials_concat
0.5,0.5,1.0,1,0.007273982986288001,13,lerique,pce25__EDA__trials_concat
1.0,0.0,3.0,0,-0.8539695718136434,4,lerique,pce25__RESP__trials_concat
0.5217391304347826,0.4782608695652174,1.0909090909090908,1,-0.6657937968902855,24,lerique,pce25__RESP__trials_concat
0.25,0.75,0.3333333333333333,0,-0.2793431935639423,5,lerique,pce25__RESP__trials_concat
0.2857142857142857,0.7142857142857143,0.4,1,-0.3086742121590231,8,lerique,pce26__EDA__trials_concat
0.8048780487804879,0.1951219512195122,4.125,1,-2.1565907446004338,42,lerique,pce26__EDA__trials_concat
0.5172413793103449,0.4827586206896552,1.0714285714285714,2,-0.3895827347643181,30,lerique,pce26__EDA__trials_concat
0.47368421052631576,0.5263157894736842,0.9,1,-0.414264636063821,20,lerique,pce26__EDA__trials_concat
0.4166666666666667,0.5833333333333334,0.7142857142857143,1,-2.0370172868046934,25,lerique,pce26__EDA__trials_concat
0.3492063492063492,0.6507936507936508,0.5365853658536586,4,-0.8520547747035675,64,lerique,pce26__EDA__trials_concat
0.5,0.5,1.0,0,-1.1036418808752626,11,lerique,pce26__EDA__trials_concat
0.5245901639344263,0.47540983606557374,1.103448275862069,2,-0.06931603690735624,62,lerique,pce26__EDA__trials_concat
0.75,0.25,3.0,1,0.17221689752835279,5,lerique,pce26__EDA__trials_concat
0.56,0.44,1.2727272727272727,1,0.4028324741007834,51,lerique,pce26__EDA__trials_concat
0.5714285714285714,0.42857142857142855,1.3333333333333333,0,-0.45968589192049863,8,lerique,pce26__RESP__trials_concat
0.3333333333333333,0.6666666666666666,0.5,1,-0.3476720866530408,7,lerique,pce26__RESP__trials_concat
0.5555555555555556,0.4444444444444444,1.25,1,-1.0046111994857991,10,lerique,pce26__RESP__trials_concat
0.5,0.5,1.0,1,-0.384546324045543,13,lerique,pce27__ECG__trials_concat
0.75,0.25,3.0,0,-0.033060745018465156,5,lerique,pce27__ECG__trials_concat
0.5862068965517241,0.41379310344827586,1.4166666666666667,1,0.781761725746747,30,lerique,pce27__ECG__trials_concat
0.5,0.5,1.0,1,0.13539613561429029,19,lerique,pce27__ECG__trials_concat
0.5,0.5,1.0,1,-0.600395403580963,9,lerique,pce27__ECG__trials_concat
0.7142857142857143,0.2857142857142857,2.5,1,-0.008648893163026085,8,lerique,pce27__ECG__trials_concat
0.5294117647058824,0.47058823529411764,1.125,1,-0.8554507388534787,18,lerique,pce27__ECG__trials_concat
0.6,0.4,1.5,0,-0.810172273829942,6,lerique,pce27__ECG__trials_concat
0.0,1.0,0.0,0,0.21051768593374529,23,lerique,pce27__ECG__trials_concat
0.05555555555555555,0.9444444444444444,0.058823529411764705,3,0.33304388906798515,19,lerique,pce27__EDA__rest1
0.5,0.5,1.0,1,0.6771437815304812,13,lerique,pce27__EDA__rest1
0.09375,0.90625,0.10344827586206896,2,1.3026325973852022,33,lerique,pce27__EDA__trials_concat
0.25,0.75,0.3333333333333333,1,0.12181710294967737,5,lerique,pce27__EDA__trials_concat
0.12121212121212122,0.8787878787878788,0.13793103448275862,1,-0.6618627188347289,34,lerique,pce27__EDA__trials_concat
0.17857142857142858,0.8214285714285714,0.21739130434782608,1,-1.539842898180173,29,lerique,pce27__EDA__trials_concat
0.0625,0.9375,0.06666666666666667,4,-0.44125726360204987,97,lerique,pce27__EDA__trials_concat
0.14285714285714285,0.8571428571428571,0.16666666666666666,1,-1.5812285203414924,15,lerique,pce27__EDA__trials_concat
0.5769230769230769,0.4230769230769231,1.3636363636363635,1,0.3252011826226909,27,lerique,pce27__EDA__trials_concat
0.4857142857142857,0.5142857142857142,0.9444444444444444,1,-2.40306653578976,36,lerique,pce27__EDA__trials_concat
0.2857142857142857,0.7142857142857143,0.4,2,-0.9103094447274888,22,lerique,pce27__RESP__trials_concat
0.4,0.6,0.6666666666666666,2,-0.40029488992987783,21,lerique,pce27__RESP__trials_concat
0.0,1.0,0.0,0,-0.042524442876679266,7,lerique,pce27__RESP__trials_concat
0.2857142857142857,0.7142857142857143,0.4,1,0.8291339827283106,8,lerique,pce27__RESP__trials_concat
0.1,0.9,0.1111111111111111,1,1.4097832523690659,11,lerique,pce28__ECG__rest1
0.6071428571428571,0.39285714285714285,1.5454545454545454,1,0.09009576000756596,29,lerique,pce28__ECG__trials_concat
0.0,1.0,0.0,1,0.04458360532371238,30,lerique,pce28__ECG__trials_concat
0.9090909090909091,0.09090909090909091,10.0,1,-0.594117369757153,23,lerique,pce28__ECG__trials_concat
0.25,0.75,0.3333333333333333,0,0.3798374749380407,5,lerique,pce28__ECG__trials_concat
0.8,0.2,4.0,0,-0.5404158214460648,6,lerique,pce28__ECG__trials_concat
0.7857142857142857,0.21428571428571427,3.6666666666666665,2,0.7220159097249569,15,lerique,pce28__ECG__trials_concat
0.1875,0.8125,0.23076923076923078,1,0.7871330363640568,33,lerique,pce28__EDA__trials_concat
0.75,0.25,3.0,2,-1.3440103431898773,41,lerique,pce28__EDA__trials_concat
0.22727272727272727,0.7727272727272727,0.29411764705882354,2,-1.2500324657991015,45,lerique,pce28__EDA__trials_concat
0.20689655172413793,0.7931034482758621,0.2608695652173913,1,-0.17882387458974427,30,lerique,pce28__EDA__trials_concat
0.6333333333333333,0.36666666666666664,1.7272727272727273,1,-0.27347552006330583,31,lerique,pce28__EDA__trials_concat
0.1590909090909091,0.8409090909090909,0.1891891891891892,2,-1.391960930114354,45,lerique,pce28__EDA__trials_concat
0.1794871794871795,0.8205128205128205,0.21875,1,-2.2288611239868787,40,lerique,pce28__EDA__trials_concat
0.45652173913043476,0.5434782608695652,0.84,1,-0.6586136978208791,47,lerique,pce28__EDA__trials_concat
0.84375,0.15625,5.4,1,-1.9179326529372096,33,lerique,pce28__EDA__trials_concat
0.3225806451612903,0.6774193548387096,0.47619047619047616,1,-1.422672316134167,32,lerique,pce28__EDA__trials_concat
0.7777777777777778,0.2222222222222222,3.5,1,0.39654229973629224,10,lerique,pce28__EDA__trials_concat
0.6,0.4,1.5,0,-0.6151986042027299,6,lerique,pce28__EDA__trials_concat
0.42857142857142855,0.5714285714285714,0.75,0,-0.589497899247606,8,lerique,pce29__ECG__rest1
0.3333333333333333,0.6666666666666666,0.5,1,-0.8418060017719566,7,lerique,pce29__ECG__trials_concat
0.76,0.24,3.1666666666666665,1,-0.1306584736105045,26,lerique,pce29__ECG__trials_concat
0.6,0.4,1.5,1,-0.22774253229332153,6,lerique,pce29__ECG__trials_concat
0.3333333333333333,0.6666666666666666,0.5,0,-0.906371188508301,4,lerique,pce29__ECG__trials_concat
0.4,0.6,0.6666666666666666,1,-0.49368715170917477,11,lerique,pce29__ECG__trials_concat
0.3333333333333333,0.6666666666666666,0.5,1,0.24445532557789268,4,lerique,pce29__EDA__rest1
0.42857142857142855,0.5714285714285714,0.75,1,-0.979676665602657,15,lerique,pce29__EDA__trials_concat
0.9565217391304348,0.043478260869565216,22.0,1,1.064618368706942,24,lerique,pce29__EDA__trials_concat
0.6666666666666666,0.3333333333333333,2.0,1,0.05995365203247493,25,lerique,pce29__EDA__trials_concat
0.2826086956521739,0.717391304347826,0.3939393939393939,2,-2.205652097943675,47,lerique,pce29__EDA__trials_concat
0.3888888888888889,0.6111111111111112,0.6363636363636364,2,-1.1001043376952093,37,lerique,pce29__EDA__trials_concat
0.1111111111111111,0.8888888888888888,0.125,1,0.4869084620047127,10,lerique,pce29__EDA__trials_concat
0.72,0.28,2.5714285714285716,2,-1.4212935902109358,26,lerique,pce29__EDA__trials_concat
0.5652173913043478,0.43478260869565216,1.3,1,-0.5264786465603644,24,lerique,pce29__EDA__trials_concat
0.9655172413793104,0.034482758620689655,28.0,1,0.25197117262773033,30,lerique,pce29__EDA__trials_concat
0.5454545454545454,0.45454545454545453,1.2,1,-0.8942654460067808,34,lerique,pce29__EDA__trials_concat
0.16666666666666666,0.8333333333333334,0.2,1,0.13922741895927854,19,lerique,pce29__RESP__rest1
0.1111111111111111,0.8888888888888888,0.125,1,-1.4738715508067555,10,lerique,pce30__ECG__trials_concat
0.5,0.5,1.0,1,0.5189058614718645,9,lerique,pce30__EDA__rest1
0.4482758620689655,0.5517241379310345,0.8125,1,-0.040000266441944675,30,lerique,pce32__EDA__rest1
0.8,0.2,4.0,0,0.53562870326626,6,lerique,pce32__EDA__trials_concat
0.7142857142857143,0.2857142857142857,2.5,1,0.37619337535599046,15,lerique,pce32__EDA__trials_concat
0.5,0.5,1.0,1,0.05297769411702679,17,lerique,pce32__EDA__trials_concat
0.5466666666666666,0.4533333333333333,1.2058823529411764,2,-1.8922515544813034,76,lerique,pce32__EDA__trials_concat
1.0,0.0,7.0,0,-0.769995567566822,8,lerique,pce32__EDA__trials_concat
0.9130434782608695,0.08695652173913043,10.5,1,0.8825362722876865,24,lerique,pce32__EDA__trials_concat
0.3793103448275862,0.6206896551724138,0.6111111111111112,2,-1.3799352168116374,30,lerique,pce32__EDA__trials_concat
0.6470588235294118,0.35294117647058826,1.8333333333333333,1,-0.47070290384380653,18,lerique,pce32__RESP__trials_concat
0.75,0.25,3.0,0,0.47968457092717665,5,lerique,pce32__RESP__trials_concat
1.0,0.0,3.0,0,0.06692399467830172,4,lerique,pce32__RESP__trials_concat
0.42857142857142855,0.5714285714285714,0.75,1,0.4690171667043114,8,lerique,pce32__RESP__trials_concat
0.3333333333333333,0.6666666666666666,0.5,0,0.48254036705042536,4,lerique,pce32__RESP__trials_concat
0.25,0.75,0.3333333333333333,1,0.3022422876255998,29,lerique,pce32__RESP__trials_concat
0.3333333333333333,0.6666666666666666,0.5,1,-0.3242351046250087,7,gordon,1255_2714__radial__exp3
0.0,1.0,0.0,0,0.8630013874911534,4,gordon,1966_9908__angular__exp2
0.0,1.0,0.0,0,-0.6793943021618037,4,gordon,2271_7957__radial__exp3
1.0,0.0,3.0,0,0.26722047998942083,4,gordon,3050_3605__radial__exp1
0.6666666666666666,0.3333333333333333,2.0,0,-0.9874810097790758,4,gordon,3071_2257__radial__exp3
0.6666666666666666,0.3333333333333333,2.0,1,-0.27780192966397443,4,gordon,3071_2257__radial__exp3
0.3333333333333333,0.6666666666666666,0.5,1,1.1181386187308218,4,gordon,3422_7920__radial__exp1
1.0,0.0,5.0,1,0.6539151266346442,6,gordon,4707_3603__radial__exp3
0.3333333333333333,0.6666666666666666,0.5,1,0.7715410319245101,4,gordon,6278_2987__radial__exp3
0.7142857142857143,0.2857142857142857,2.5,2,0.03776375640541199,8,gordon,7380_2364__radial__exp3
0.3333333333333333,0.6666666666666666,0.5,1,0.0812934265158375,4,gordon,8427_3051__radial__exp1
0.6666666666666666,0.3333333333333333,2.0,0,-0.8429457556913452,4,gordon,9446_6169__radial__exp3
