dyad_label,dyad_id,modality,condition_unit,n_samples,duration_sec,mean_synchrony,peak_amplitude,dwell_time,switching_rate,bimodality_coefficient
pce01,pce01__RESP__rest1,RESP,rest1,180,180.0,0.14186415481258924,0.5994198873111606,12.0,0.794701986754967,
pce01,pce01__RESP__rest_postblock,RESP,rest_postblock,540,540.0,0.01284654073438346,0.3497109891289918,,0.0,
pce01,pce01__RESP__trials_concat,RESP,trials_concat,1080,1080.0,0.03249296454493117,0.3965396208255056,,0.0,
pce02,pce02__ECG__rest1,ECG,rest1,180,180.0,-0.017682166764955442,0.29527686206634485,,0.0,
pce02,pce02__ECG__rest_postblock,ECG,rest_postblock,540,540.0,0.09954357392442018,0.7643318009261901,11.0,0.9393346379647749,
pce02,pce02__ECG__trials_concat,ECG,trials_concat,1080,1080.0,0.13739578181620643,0.8098864723065745,11.571428571428571,1.598477640342531,
pce02,pce02__EDA__rest1,EDA,rest1,180,180.0,0.002321791278604698,0.5681774859523241,4.0,0.794701986754967,
pce02,pce02__EDA__rest_postblock,EDA,rest_postblock,540,540.0,0.043253680295171966,0.9894244677827719,27.0,0.9393346379647749,
pce02,pce02__EDA__trials_concat,EDA,trials_concat,1080,1080.0,0.4225804829694791,0.987816266099735,33.6,1.6555661274976214,
pce02,pce02__RESP__rest1,RESP,rest1,180,180.0,-0.20321811810572107,0.20686605266764696,,0.0,
pce02,pce02__RESP__rest_postblock,RESP,rest_postblock,540,540.0,-0.08593919101600465,0.43173452390390965,,0.0,
pce02,pce02__RESP__trials_concat,RESP,trials_concat,1080,1080.0,0.03230413080066838,0.742482979495922,11.333333333333334,0.6850618458610848,
pce03,pce03__ECG__rest1,ECG,rest1,180,180.0,-0.10119404413984597,0.24357257513443065,,0.0,
pce03,pce03__ECG__rest_postblock,ECG,rest_postblock,540,540.0,0.09155485214780072,0.919213110987884,18.666666666666668,0.7045009784735812,
pce03,pce03__ECG__trials_concat,ECG,trials_concat,1080,1080.0,0.1259572337239632,0.7972631206483065,10.846153846153847,1.4843006660323501,
pce03,pce03__EDA__rest1,EDA,rest1,180,180.0,0.08666280853657725,0.6232968183703282,20.0,0.794701986754967,
pce03,pce03__EDA__rest_postblock,EDA,rest_postblock,540,540.0,0.039774817586946315,0.9740897856876642,29.0,0.46966731898238745,
pce03,pce03__EDA__trials_concat,EDA,trials_concat,1080,1080.0,-0.04574694609151002,0.8809991145873822,17.0,0.6850618458610848,
pce03,pce03__RESP__rest1,RESP,rest1,180,180.0,0.003396691467739242,0.19731027772507587,,0.0,
pce03,pce03__RESP__rest_postblock,RESP,rest_postblock,540,540.0,0.06336947556158025,0.44004812189072917,,0.0,
pce03,pce03__RESP__trials_concat,RESP,trials_concat,1080,1080.0,-0.034041731222295396,0.45932086472737965,,0.0,
pce04,pce04__ECG__rest1,ECG,rest1,180,180.0,0.25989585566564527,0.6282636170250432,13.0,0.794701986754967,
pce04,pce04__ECG__rest_postblock,ECG,rest_postblock,540,540.0,0.022564288918580422,0.5692668272764678,5.0,0.23483365949119372,
pce04,pce04__ECG__trials_concat,ECG,trials_concat,1080,1080.0,0.05993251108633634,0.8775707180665748,18.285714285714285,0.7992388201712655,
pce04,pce04__EDA__rest1,EDA,rest1,180,180.0,-0.1760566840224575,0.39465701897693767,,0.0,
pce04,pce04__EDA__rest_postblock,EDA,rest_postblock,540,540.0,0.2724122654219732,0.9984669246141267,35.0,0.9393346379647749,
pce04,pce04__EDA__trials_concat,EDA,trials_concat,1080,1080.0,0.25034627173134616,0.9985479058245317,28.071428571428573,1.5413891531874406,
pce04,pce04__RESP__rest1,RESP,rest1,180,180.0,0.2757039990225031,0.7305968864391261,21.5,1.1920529801324504,
pce04,pce04__RESP__rest_postblock,RESP,rest_postblock,540,540.0,-0.007069435523787499,0.655619178400763,9.5,0.46966731898238745,
pce04,pce04__RESP__trials_concat,RESP,trials_concat,1080,1080.0,0.03641492169252401,0.64036940013628,16.0,0.11417697431018078,
pce05,pce05__ECG__rest1,ECG,rest1,180,180.0,-0.10629233815633998,0.6430670309265742,7.0,0.794701986754967,
pce05,pce05__ECG__rest_postblock,ECG,rest_postblock,540,540.0,0.08164894965176488,0.6729448749727913,18.0,0.5870841487279843,
pce05,pce05__ECG__trials_concat,ECG,trials_concat,1080,1080.0,0.004922426498599736,0.8264531752878426,14.666666666666666,0.6850618458610848,
pce05,pce05__EDA__rest1,EDA,rest1,180,180.0,0.1258967184880148,0.6105998640031428,9.0,0.794701986754967,
pce05,pce05__EDA__rest_postblock,EDA,rest_postblock,540,540.0,0.10489553386237054,0.9963419691525228,53.0,0.23483365949119372,
pce05,pce05__EDA__trials_concat,EDA,trials_concat,1080,1080.0,0.2594094849742846,0.9937866031672544,29.714285714285715,1.598477640342531,
pce05,pce05__RESP__rest1,RESP,rest1,180,180.0,0.013820825800634335,0.4177066349924871,,0.0,
pce05,pce05__RESP__rest_postblock,RESP,rest_postblock,540,540.0,-0.0010759137434784146,0.43405802644897123,,0.0,
pce05,pce05__RESP__trials_concat,RESP,trials_concat,1080,1080.0,-0.030685191317514786,0.5736533107370916,5.0,0.11417697431018078,
pce06,pce06__ECG__rest1,ECG,rest1,180,180.0,-0.13710208807596697,0.3469188494083456,,0.0,
pce06,pce06__ECG__rest_postblock,ECG,rest_postblock,540,540.0,0.09226728576454861,0.7857865979954332,15.333333333333334,0.7045009784735812,
pce06,pce06__ECG__trials_concat,ECG,trials_concat,1080,1080.0,0.19811297063018363,0.9394155794338362,21.0,1.141769743101808,
pce06,pce06__EDA__rest1,EDA,rest1,180,180.0,-0.036171155378768506,0.5345088124292402,3.0,0.794701986754967,
pce06,pce06__EDA__rest_postblock,EDA,rest_postblock,540,540.0,0.278373884616456,0.9910184141344967,23.666666666666668,1.4090019569471623,
pce06,pce06__EDA__trials_concat,EDA,trials_concat,1080,1080.0,0.21647813768848914,0.9813279103274484,19.933333333333334,1.6555661274976214,
pce06,pce06__RESP__rest1,RESP,rest1,180,180.0,-0.025983175395414834,0.2558989481644057,,0.0,
pce06,pce06__RESP__rest_postblock,RESP,rest_postblock,540,540.0,0.03641283179870245,0.41975251249961,,0.0,
pce06,pce06__RESP__trials_concat,RESP,trials_concat,1080,1080.0,0.014707779375630302,0.4053521588928692,,0.0,
pce07,pce07__ECG__rest1,ECG,rest1,180,180.0,-0.04836558310126454,0.496473921360429,,0.0,
pce07,pce07__ECG__rest_postblock,ECG,rest_postblock,540,540.0,0.06027305628989378,0.6325606262611478,6.2,1.1741682974559686,
pce07,pce07__ECG__trials_concat,ECG,trials_concat,1080,1080.0,0.10788337666673317,0.7719578999005922,18.6,1.0846812559467174,
pce07,pce07__EDA__rest1,EDA,rest1,180,180.0,0.19970153058617132,0.954504111154938,8.0,1.589403973509934,
pce07,pce07__EDA__rest_postblock,EDA,rest_postblock,540,540.0,0.2881637199990471,0.9809004456364323,14.363636363636363,2.465753424657534,
pce07,pce07__EDA__trials_concat,EDA,trials_concat,1080,1080.0,0.2000397813164546,0.97440768121099,19.6,1.7126546146527117,
pce07,pce07__RESP__rest1,RESP,rest1,180,180.0,0.025701411165949893,0.29717245024433414,,0.0,
pce07,pce07__RESP__rest_postblock,RESP,rest_postblock,540,540.0,-0.012813334645612465,0.5541761294403713,5.0,0.23483365949119372,
pce07,pce07__RESP__trials_concat,RESP,trials_concat,1080,1080.0,0.019968295281926896,0.5004525794635794,,0.0,
pce08,pce08__ECG__rest1,ECG,rest1,180,180.0,0.11160504023233245,0.6629235965270251,3.0,0.3973509933774835,
pce08,pce08__ECG__rest_postblock,ECG,rest_postblock,540,540.0,-0.04705897007660075,0.6708150009391314,7.0,0.46966731898238745,
pce08,pce08__ECG__trials_concat,ECG,trials_concat,1080,1080.0,-0.0688138674802555,0.6693996232586404,3.6666666666666665,0.3425309229305424,
pce08,pce08__EDA__rest1,EDA,rest1,180,180.0,0.12558388445614702,0.5924667908009461,10.0,0.794701986754967,
pce08,pce08__EDA__rest_postblock,EDA,rest_postblock,540,540.0,0.4004668230425602,0.9987959603584282,97.5,0.46966731898238745,
pce08,pce08__EDA__trials_concat,EDA,trials_concat,1080,1080.0,0.0032909398447163183,0.8930971781439043,14.555555555555555,1.027592768791627,
pce08,pce08__RESP__rest1,RESP,rest1,180,180.0,-0.06629076147090036,0.5085521469961679,,0.0,
pce08,pce08__RESP__rest_postblock,RESP,rest_postblock,540,540.0,0.03055083081925515,0.4279828987806,,0.0,
pce08,pce08__RESP__trials_concat,RESP,trials_concat,1080,1080.0,-0.015196447667539801,0.40755844335030433,,0.0,
pce09,pce09__ECG__rest1,ECG,rest1,159,159.0,-0.0013510347944055907,0.3925484130218404,,0.0,
pce09,pce09__ECG__rest_postblock,ECG,rest_postblock,540,540.0,0.04772872436254945,0.7714258721445449,27.0,0.7045009784735812,
pce09,pce09__ECG__trials_concat,ECG,trials_concat,1080,1080.0,0.09643156163237157,0.8346968142045905,16.22222222222222,1.027592768791627,
pce09,pce09__EDA__rest1,EDA,rest1,160,160.0,-0.10778195247215897,0.2270739844477513,,0.0,
pce09,pce09__EDA__rest_postblock,EDA,rest_postblock,540,540.0,0.3106177758627187,0.9989824896484107,38.0,0.9393346379647749,
pce09,pce09__EDA__trials_concat,EDA,trials_concat,1080,1080.0,0.38192247746042607,0.9965561500996689,29.733333333333334,1.7126546146527117,
pce09,pce09__RESP__rest1,RESP,rest1,160,160.0,0.06835169814088693,0.23394834122246788,,0.0,
pce09,pce09__RESP__rest_postblock,RESP,rest_postblock,540,540.0,0.01669938678906316,0.6463411050231103,5.5,0.46966731898238745,
pce09,pce09__RESP__trials_concat,RESP,trials_concat,1080,1080.0,0.005313733011569137,0.48897271811685605,,0.0,
pce10,pce10__ECG__rest1,ECG,rest1,180,180.0,-0.016621705163906778,0.599532250714821,4.0,0.794701986754967,
pce10,pce10__ECG__rest_postblock,ECG,rest_postblock,540,540.0,0.17910095421165267,0.775529157777525,31.0,0.46966731898238745,
pce10,pce10__ECG__trials_concat,ECG,trials_concat,1080,1080.0,0.11114059956988422,0.8492962668921497,19.142857142857142,0.7992388201712655,
pce10,pce10__EDA__rest1,EDA,rest1,180,180.0,-0.10259206676977041,0.4687653823923861,,0.0,
pce10,pce10__EDA__rest_postblock,EDA,rest_postblock,540,540.0,0.19872750871980177,0.9774182520275948,23.25,0.9393346379647749,
pce10,pce10__EDA__trials_concat,EDA,trials_concat,1080,1080.0,0.4161899902222961,0.9923835769897104,42.30769230769231,1.4843006660323501,
pce10,pce10__RESP__rest1,RESP,rest1,180,180.0,0.13291391947970396,0.6673447954522922,20.0,0.3973509933774835,
pce10,pce10__RESP__rest_postblock,RESP,rest_postblock,540,540.0,-0.026056059092150845,0.5096807089644146,,0.0,
pce10,pce10__RESP__trials_concat,RESP,trials_concat,1080,1080.0,0.021001205123380107,0.6420435141754653,8.0,0.11417697431018078,
pce11,pce11__ECG__rest1,ECG,rest1,180,180.0,0.011541228639091369,0.7075405203287742,8.5,1.1920529801324504,
pce11,pce11__ECG__rest_postblock,ECG,rest_postblock,540,540.0,0.03612089431395868,0.9154983353516628,11.25,0.9393346379647749,
pce11,pce11__ECG__trials_concat,ECG,trials_concat,1080,1080.0,0.13212366626944302,0.8608707160677249,11.785714285714286,1.598477640342531,
pce11,pce11__EDA__rest1,EDA,rest1,180,180.0,-0.1602070408652919,0.3163572002267462,,0.0,
pce11,pce11__EDA__rest_postblock,EDA,rest_postblock,540,540.0,-0.034757919298093715,0.8363716614666017,12.333333333333334,1.4090019569471623,
pce11,pce11__EDA__trials_concat,EDA,trials_concat,1080,1080.0,-0.23110635250515563,0.9983213619962703,29.0,0.570884871550904,
pce11,pce11__RESP__rest1,RESP,rest1,180,180.0,0.06660526608468861,0.8665048258278165,25.0,0.794701986754967,
pce11,pce11__RESP__rest_postblock,RESP,rest_postblock,540,540.0,0.05322912235494377,0.5500665596491384,5.0,0.23483365949119372,
pce11,pce11__RESP__trials_concat,RESP,trials_concat,1080,1080.0,-0.03128579360860146,0.6681904450616375,8.6,0.570884871550904,
pce12,pce12__ECG__rest1,ECG,rest1,180,180.0,0.18437669408067678,0.6521178524099703,4.0,1.1920529801324504,
pce12,pce12__ECG__rest_postblock,ECG,rest_postblock,540,540.0,0.08034112080535243,0.7062574123217636,11.0,0.7045009784735812,
pce12,pce12__ECG__trials_concat,ECG,trials_concat,1080,1080.0,0.035827552139382664,0.777881202192442,12.5,1.141769743101808,
pce12,pce12__EDA__rest1,EDA,rest1,180,180.0,0.09214078315014983,0.5973506587685296,4.0,0.794701986754967,
pce12,pce12__EDA__rest_postblock,EDA,rest_postblock,540,540.0,0.05690972639253572,0.9063415777930264,21.666666666666668,0.7045009784735812,
pce12,pce12__EDA__trials_concat,EDA,trials_concat,1080,1080.0,0.08768699022594786,0.9868152527783239,23.714285714285715,0.7992388201712655,
pce12,pce12__RESP__rest1,RESP,rest1,180,180.0,-0.12065185561549595,0.4126865116706775,,0.0,
pce12,pce12__RESP__rest_postblock,RESP,rest_postblock,540,540.0,0.026466227682921287,0.7613308213572214,10.5,0.46966731898238745,
pce12,pce12__RESP__trials_concat,RESP,trials_concat,1080,1080.0,-0.02187475828676796,0.5490612425340549,2.0,0.11417697431018078,
pce13,pce13__ECG__rest1,ECG,rest1,180,180.0,0.05146729124788352,0.36273685279905665,,0.0,
pce13,pce13__ECG__rest_postblock,ECG,rest_postblock,540,540.0,0.05999328901197976,0.8791961862500659,14.666666666666666,0.7045009784735812,
pce13,pce13__ECG__trials_concat,ECG,trials_concat,1080,1080.0,0.15320928126116307,0.8887771853687614,21.583333333333332,1.3701236917221695,
pce13,pce13__EDA__rest1,EDA,rest1,180,180.0,0.061657991995586685,0.7199413955099292,9.5,1.589403973509934,
pce13,pce13__EDA__rest_postblock,EDA,rest_postblock,540,540.0,0.28309653566283943,0.9985651184836006,40.5,0.9393346379647749,
pce13,pce13__EDA__trials_concat,EDA,trials_concat,1080,1080.0,0.45632576010519316,0.9967832959386118,33.75,1.7126546146527117,
pce13,pce13__RESP__rest1,RESP,rest1,180,180.0,0.091318156157116,0.59154063224124,8.0,0.794701986754967,
pce13,pce13__RESP__rest_postblock,RESP,rest_postblock,540,540.0,-0.06150830216763125,0.5185029270544992,,0.0,
pce13,pce13__RESP__trials_concat,RESP,trials_concat,1080,1080.0,-0.0831835673578573,0.8078766823370238,18.0,0.45670789724072314,
pce14,pce14__ECG__rest1,ECG,rest1,180,180.0,0.02384716978342912,0.3128222494698055,,0.0,
pce14,pce14__ECG__rest_postblock,ECG,rest_postblock,540,540.0,0.04772461579302979,0.44125543330583983,,0.0,
pce14,pce14__ECG__trials_concat,ECG,trials_concat,1080,1080.0,0.022130157369482508,0.903986040092597,17.5,0.45670789724072314,
pce14,pce14__EDA__rest1,EDA,rest1,180,180.0,0.038402664910534366,0.906230697365614,41.0,0.794701986754967,
pce14,pce14__EDA__rest_postblock,EDA,rest_postblock,540,540.0,0.17583610598548624,0.9930468160470938,36.0,0.7045009784735812,
pce14,pce14__EDA__trials_concat,EDA,trials_concat,1080,1080.0,0.4083932829754514,0.994775316443177,28.3125,1.8268315889628925,
pce14,pce14__RESP__rest1,RESP,rest1,180,180.0,-0.02410424285554672,0.3179382284222327,,0.0,
pce14,pce14__RESP__rest_postblock,RESP,rest_postblock,540,540.0,0.04866442473966305,0.536857583716702,,0.0,
pce14,pce14__RESP__trials_concat,RESP,trials_concat,1080,1080.0,-0.005477098980318554,0.7729153447375388,23.0,0.11417697431018078,
pce15,pce15__ECG__rest1,ECG,rest1,180,180.0,0.0688912232582916,0.3827907947553574,,0.0,
pce15,pce15__ECG__rest_postblock,ECG,rest_postblock,540,540.0,0.05492008296570887,0.6352025204955005,5.5,0.46966731898238745,
pce15,pce15__ECG__trials_concat,ECG,trials_concat,1080,1080.0,-0.0005330150050475805,0.6697446250266239,5.25,0.45670789724072314,
pce15,pce15__EDA__rest1,EDA,rest1,180,180.0,0.08090721747571722,0.4932404052095319,,0.0,
pce15,pce15__EDA__rest_postblock,EDA,rest_postblock,540,540.0,0.22513793504934704,0.9928649930771387,25.333333333333332,1.2915851272015655,
pce15,pce15__EDA__trials_concat,EDA,trials_concat,1080,1080.0,0.20050045579640738,0.9823921368448494,27.454545454545453,1.2559467174119887,
pce15,pce15__RESP__rest1,RESP,rest1,180,180.0,0.01823813759512958,0.5072651775145169,,0.0,
pce15,pce15__RESP__rest_postblock,RESP,rest_postblock,540,540.0,0.12554789300028701,0.7594347496710097,9.666666666666666,0.7045009784735812,
pce15,pce15__RESP__trials_concat,RESP,trials_concat,1080,1080.0,-0.04091218739000973,0.7325810974956399,10.2,0.570884871550904,
pce16,pce16__ECG__rest1,ECG,rest1,180,180.0,-0.033352623867281765,0.7675078205551669,10.0,1.589403973509934,
pce16,pce16__ECG__rest_postblock,ECG,rest_postblock,540,540.0,-0.06192438781870403,0.6518097140869935,8.0,0.9393346379647749,
pce16,pce16__ECG__trials_concat,ECG,trials_concat,1080,1080.0,0.20951749685339457,0.9532730536543292,20.58823529411765,1.9410085632730734,
pce16,pce16__EDA__rest1,EDA,rest1,180,180.0,0.060439844550341806,0.5562950039156912,8.0,0.794701986754967,
pce16,pce16__EDA__rest_postblock,EDA,rest_postblock,540,540.0,0.2743284342666652,0.9992571074232441,44.25,0.9393346379647749,
pce16,pce16__EDA__trials_concat,EDA,trials_concat,1080,1080.0,0.16539586510075915,0.9774345911541219,26.2,1.7126546146527117,
pce16,pce16__RESP__rest1,RESP,rest1,180,180.0,-0.059057551028305455,0.4198144058793159,,0.0,
pce16,pce16__RESP__rest_postblock,RESP,rest_postblock,540,540.0,0.039391162261393366,0.729579287124906,12.5,0.46966731898238745,
pce16,pce16__RESP__trials_concat,RESP,trials_concat,1080,1080.0,0.016019467122908138,0.7661235902116132,14.75,0.39961941008563273,
pce17,pce17__ECG__rest1,ECG,rest1,180,180.0,-0.092705514801827,0.35617534832475506,,0.0,
pce17,pce17__ECG__rest_postblock,ECG,rest_postblock,540,540.0,-0.09056911713605124,0.47406178761217266,,0.0,
pce17,pce17__ECG__trials_concat,ECG,trials_concat,1080,1080.0,0.0019371433349817185,0.8893717720046883,21.0,0.7992388201712655,
pce17,pce17__EDA__rest1,EDA,rest1,180,180.0,0.05084618792570654,0.599347635265188,22.0,0.794701986754967,
pce17,pce17__EDA__rest_postblock,EDA,rest_postblock,540,540.0,0.37099454272293764,0.9999905176196866,102.5,0.46966731898238745,
pce17,pce17__EDA__trials_concat,EDA,trials_concat,1080,1080.0,0.36430119721192417,0.9981762046163716,53.3,1.141769743101808,
pce17,pce17__RESP__rest1,RESP,rest1,180,180.0,0.0211469533322993,0.29901298853445174,,0.0,
pce17,pce17__RESP__rest_postblock,RESP,rest_postblock,540,540.0,0.023757004958929396,0.6124173086493012,12.0,0.23483365949119372,
pce17,pce17__RESP__trials_concat,RESP,trials_concat,1080,1080.0,0.02346920574782412,0.39934785314531046,,0.0,
pce18,pce18__ECG__rest1,ECG,rest1,180,180.0,0.03691273022796057,0.44266682039686944,,0.0,
pce18,pce18__ECG__rest_postblock,ECG,rest_postblock,540,540.0,0.003092899751854656,0.8970490222720119,11.75,0.9393346379647749,
pce18,pce18__ECG__trials_concat,ECG,trials_concat,1080,1080.0,0.22061129158260306,0.8852762316137446,18.933333333333334,1.7126546146527117,
pce18,pce18__EDA__rest1,EDA,rest1,180,180.0,0.08234405449032477,0.44531274177564356,,0.0,
pce18,pce18__EDA__rest_postblock,EDA,rest_postblock,540,540.0,-0.06659133846526251,0.9937936731711388,27.5,0.46966731898238745,
pce18,pce18__EDA__trials_concat,EDA,trials_concat,1080,1080.0,-0.049197757529492105,0.951533107501406,17.875,0.8563273073263559,
pce18,pce18__RESP__rest1,RESP,rest1,180,180.0,0.028244826791377343,0.2234378305145744,,0.0,
pce18,pce18__RESP__rest_postblock,RESP,rest_postblock,540,540.0,0.00578630791807294,0.49861466152893175,,0.0,
pce18,pce18__RESP__trials_concat,RESP,trials_concat,1080,1080.0,-0.0008852260378065425,0.4195722481203009,,0.0,
pce19,pce19__ECG__rest1,ECG,rest1,180,180.0,0.12350779318184749,0.4804581830979584,,0.0,
pce19,pce19__ECG__rest_postblock,ECG,rest_postblock,540,540.0,0.04913743492901371,0.7030924718561802,6.75,0.9393346379647749,
pce19,pce19__ECG__trials_concat,ECG,trials_concat,1080,1080.0,0.00962865362354615,0.800240243777286,14.875,0.9134157944814463,
pce19,pce19__EDA__rest1,EDA,rest1,180,180.0,-0.26020318365699646,0.05127386502471394,,0.0,
pce19,pce19__EDA__rest_postblock,EDA,rest_postblock,540,540.0,-0.02216467191411209,0.999460732962103,32.666666666666664,0.5870841487279843,
pce19,pce19__EDA__trials_concat,EDA,trials_concat,1080,1080.0,0.044396847512299095,0.9940782520057012,28.9,1.141769743101808,
pce19,pce19__RESP__rest1,RESP,rest1,180,180.0,0.09871133423910931,0.5439884171426911,,0.0,
pce19,pce19__RESP__rest_postblock,RESP,rest_postblock,540,540.0,0.08385821712967788,0.7082787190949217,19.0,0.23483365949119372,
pce19,pce19__RESP__trials_concat,RESP,trials_concat,1080,1080.0,-0.06751031107829866,0.870442707162136,23.75,0.45670789724072314,
pce20,pce20__ECG__rest1,ECG,rest1,180,180.0,-0.06310462286513992,0.40659832497065207,,0.0,
pce20,pce20__ECG__rest_postblock,ECG,rest_postblock,540,540.0,0.14633899233888953,0.7542077808853282,21.333333333333332,0.7045009784735812,
pce20,pce20__ECG__trials_concat,ECG,trials_concat,1080,1080.0,0.0569356820668413,0.8664952217974127,18.142857142857142,0.7992388201712655,
pce20,pce20__EDA__rest1,EDA,rest1,180,180.0,0.03226232810540032,0.6954169196898972,11.0,0.3973509933774835,
pce20,pce20__EDA__rest_postblock,EDA,rest_postblock,540,540.0,0.06728798541701607,0.9956272765280614,35.333333333333336,0.7045009784735812,
pce20,pce20__EDA__trials_concat,EDA,trials_concat,1080,1080.0,0.35412199901829094,0.9755526440200062,22.0,2.055185537583254,
pce20,pce20__RESP__rest1,RESP,rest1,180,180.0,0.02444411493198584,0.25476338275407645,,0.0,
pce20,pce20__RESP__rest_postblock,RESP,rest_postblock,540,540.0,-0.01789922842597718,0.37465105112585173,,0.0,
pce20,pce20__RESP__trials_concat,RESP,trials_concat,1080,1080.0,-0.020227295223613946,0.37002580579411015,,0.0,
pce21,pce21__ECG__rest1,ECG,rest1,180,180.0,-0.19264367180667827,0.3146841774621446,,0.0,
pce21,pce21__ECG__rest_postblock,ECG,rest_postblock,540,540.0,0.08076216332811972,0.6493430099770474,9.5,0.9393346379647749,
pce21,pce21__ECG__trials_concat,ECG,trials_concat,1080,1080.0,0.03343035620108968,0.9029267616923815,11.625,0.9134157944814463,
pce21,pce21__EDA__rest1,EDA,rest1,180,180.0,-0.2056889850358598,0.3155107233025998,,0.0,
pce21,pce21__EDA__rest_postblock,EDA,rest_postblock,540,540.0,0.1033616173151152,0.8651009362310828,10.333333333333334,1.4090019569471623,
pce21,pce21__EDA__trials_concat,EDA,trials_concat,1080,1080.0,-0.17150795299229207,0.9714464320486409,12.0,0.7992388201712655,
pce21,pce21__RESP__rest1,RESP,rest1,180,180.0,-0.008468735381245977,0.265589189104511,,0.0,
pce21,pce21__RESP__rest_postblock,RESP,rest_postblock,540,540.0,-0.023789146609817218,0.6008722574852263,8.0,0.23483365949119372,
pce21,pce21__RESP__trials_concat,RESP,trials_concat,1080,1080.0,0.014461957912469507,0.5629915282031087,6.0,0.11417697431018078,
pce22,pce22__ECG__rest1,ECG,rest1,180,180.0,-0.13095576787381236,0.25319314779536717,,0.0,
pce22,pce22__ECG__rest_postblock,ECG,rest_postblock,540,540.0,0.018015979935700067,0.5160147792642444,2.0,0.23483365949119372,
pce22,pce22__ECG__trials_concat,ECG,trials_concat,1080,1080.0,0.17675438900353763,0.8944514731605191,14.181818181818182,1.2559467174119887,
pce22,pce22__EDA__rest1,EDA,rest1,180,180.0,0.12031983784984737,0.7494361811587722,19.5,1.589403973509934,
pce22,pce22__EDA__rest_postblock,EDA,rest_postblock,540,540.0,0.2454717009565925,0.9997337731831113,27.75,0.821917808219178,
pce22,pce22__EDA__trials_concat,EDA,trials_concat,1080,1080.0,0.05001145921994927,0.9648715899505613,17.0,1.027592768791627,
pce22,pce22__RESP__rest1,RESP,rest1,180,180.0,-0.013928160944195724,0.30589698653302294,,0.0,
pce22,pce22__RESP__rest_postblock,RESP,rest_postblock,540,540.0,0.026978871382053574,0.460020106914794,,0.0,
pce22,pce22__RESP__trials_concat,RESP,trials_concat,1080,1080.0,0.01596078245963089,0.6235406658409433,12.333333333333334,0.3425309229305424,
pce23,pce23__ECG__rest1,ECG,rest1,180,180.0,0.2562713931035112,0.7571416347766786,23.0,0.794701986754967,
pce23,pce23__ECG__rest_postblock,ECG,rest_postblock,540,540.0,0.025004665230327388,0.600341675205015,16.0,0.23483365949119372,
pce23,pce23__ECG__trials_concat,ECG,trials_concat,1080,1080.0,0.06169001530330123,0.8845756241954105,12.5,1.3701236917221695,
pce23,pce23__EDA__rest1,EDA,rest1,180,180.0,0.06429606903089133,0.46501114264233323,,0.0,
pce23,pce23__EDA__rest_postblock,EDA,rest_postblock,540,540.0,0.37553062970146306,0.9973160890784573,29.166666666666668,1.4090019569471623,
pce23,pce23__EDA__trials_concat,EDA,trials_concat,1080,1080.0,0.35014383091677104,0.9919516838855615,49.22222222222222,1.027592768791627,
pce23,pce23__RESP__rest1,RESP,rest1,180,180.0,0.011945209443200409,0.38717532507083696,,0.0,
pce23,pce23__RESP__rest_postblock,RESP,rest_postblock,540,540.0,0.003656694932408115,0.44663164684539347,,0.0,
pce23,pce23__RESP__trials_concat,RESP,trials_concat,1080,1080.0,0.03998202019556351,0.8039146576540881,18.0,0.6850618458610848,
pce24,pce24__EDA__rest1,EDA,rest1,180,180.0,-0.09942783396629247,0.1413749318144621,,0.0,
pce24,pce24__EDA__rest_postblock,EDA,rest_postblock,540,540.0,0.3453943373092754,0.9991701471731294,88.0,0.46966731898238745,
pce24,pce24__EDA__trials_concat,EDA,trials_concat,1080,1080.0,0.19468539840698815,0.9927305844087464,33.0,1.313035204567079,
pce24,pce24__RESP__rest1,RESP,rest1,180,180.0,-0.24626926479518668,0.19905632730922027,,0.0,
pce24,pce24__RESP__rest_postblock,RESP,rest_postblock,540,540.0,0.04155248340066425,0.3942074901170615,,0.0,
pce24,pce24__RESP__trials_concat,RESP,trials_concat,1080,1080.0,0.023508235884451594,0.7336234279281477,12.25,0.45670789724072314,
pce25,pce25__ECG__rest1,ECG,rest1,180,180.0,0.007430649941411777,0.4847152327740148,,0.0,
pce25,pce25__ECG__rest_postblock,ECG,rest_postblock,540,540.0,-0.06695239153276276,0.7529249758896595,11.0,0.23483365949119372,
pce25,pce25__ECG__trials_concat,ECG,trials_concat,1080,1080.0,0.04529905966217728,0.8463003728194907,21.7,1.141769743101808,
pce25,pce25__EDA__rest1,EDA,rest1,180,180.0,0.4889554350751455,0.8864469028231985,27.666666666666668,1.9867549668874174,
pce25,pce25__EDA__rest_postblock,EDA,rest_postblock,540,540.0,0.057577778727269976,0.9990830859917396,34.0,0.7045009784735812,
pce25,pce25__EDA__trials_concat,EDA,trials_concat,1080,1080.0,0.015296225531548222,0.983908905290793,22.2,1.141769743101808,
pce25,pce25__RESP__rest1,RESP,rest1,180,180.0,-0.32054029697472003,0.3827294121689325,,0.0,
pce25,pce25__RESP__rest_postblock,RESP,rest_postblock,540,540.0,0.007308386108586507,0.7024220889316686,13.5,0.821917808219178,
pce25,pce25__RESP__trials_concat,RESP,trials_concat,1080,1080.0,-0.11933291653194976,0.8070749064456568,14.0,0.22835394862036157,
pce26,pce26__EDA__rest1,EDA,rest1,170,170.0,-0.10766678611521403,0.33286644721813746,,0.0,
pce26,pce26__EDA__rest_postblock,EDA,rest_postblock,540,540.0,0.2111130518995617,0.9378903724824154,20.0,1.4090019569471623,
pce26,pce26__EDA__trials_concat,EDA,trials_concat,1080,1080.0,0.1216201932177776,0.9862456050765795,30.272727272727273,1.2559467174119887,
pce26,pce26__RESP__rest1,RESP,rest1,170,170.0,-0.10531939807201443,0.3620246188640399,,0.0,
pce26,pce26__RESP__rest_postblock,RESP,rest_postblock,540,540.0,-0.018368812922631747,0.6102492496229683,13.0,0.46966731898238745,
pce26,pce26__RESP__trials_concat,RESP,trials_concat,1080,1080.0,0.04967300962408347,0.662558983160739,7.333333333333333,0.3425309229305424,
pce27,pce27__ECG__rest1,ECG,rest1,180,180.0,-0.027100301050322063,0.4350012425123901,,0.0,
pce27,pce27__ECG__rest_postblock,ECG,rest_postblock,540,540.0,-0.03739323959532918,0.5168000736992073,,0.0,
pce27,pce27__ECG__trials_concat,ECG,trials_concat,1080,1080.0,0.10220537428057325,0.8953282024175735,14.333333333333334,1.027592768791627,
pce27,pce27__EDA__rest1,EDA,rest1,180,180.0,0.3070040004723162,0.7482814564284016,14.5,1.589403973509934,
pce27,pce27__EDA__rest_postblock,EDA,rest_postblock,540,540.0,-0.21155138012030847,0.7380175119242545,4.333333333333333,0.7045009784735812,
pce27,pce27__EDA__trials_concat,EDA,trials_concat,1080,1080.0,0.14596064342535395,0.9818340253111106,39.57142857142857,0.7992388201712655,
pce27,pce27__RESP__rest1,RESP,rest1,180,180.0,0.14045260937651416,0.36968413176332204,,0.0,
pce27,pce27__RESP__rest_postblock,RESP,rest_postblock,540,540.0,-0.16516738289447044,0.3589014330539545,,0.0,
pce27,pce27__RESP__trials_concat,RESP,trials_concat,1080,1080.0,0.030131131707706277,0.7098120345631233,15.75,0.45670789724072314,
pce28,pce28__ECG__rest1,ECG,rest1,180,180.0,0.03041125719888541,0.6230083230769243,12.0,0.794701986754967,
pce28,pce28__ECG__rest_postblock,ECG,rest_postblock,540,540.0,-0.031076521741910813,0.6890488139195314,11.0,0.23483365949119372,
pce28,pce28__ECG__trials_concat,ECG,trials_concat,1080,1080.0,0.05933331733276143,0.8124506340725695,18.0,0.570884871550904,
pce28,pce28__EDA__rest1,EDA,rest1,180,180.0,-0.06930896669817177,0.5090870260395319,,0.0,
pce28,pce28__EDA__rest_postblock,EDA,rest_postblock,540,540.0,0.1074319064453112,0.9327917323537406,36.0,0.46966731898238745,
pce28,pce28__EDA__trials_concat,EDA,trials_concat,1080,1080.0,0.3466052325564813,0.965755494849363,32.0,1.3701236917221695,
pce28,pce28__RESP__rest1,RESP,rest1,180,180.0,-0.019486230853359588,0.34325318775336394,,0.0,
pce28,pce28__RESP__rest_postblock,RESP,rest_postblock,540,540.0,-0.041551905366659245,0.42378826888600984,,0.0,
pce28,pce28__RESP__trials_concat,RESP,trials_concat,1080,1080.0,0.02166767527597569,0.4610861230659663,,0.0,
pce29,pce29__ECG__rest1,ECG,rest1,180,180.0,0.010859338448654979,0.5548674884127688,6.0,0.794701986754967,
pce29,pce29__ECG__rest_postblock,ECG,rest_postblock,540,540.0,-0.061990826539324216,0.6205911345915609,5.0,0.23483365949119372,
pce29,pce29__ECG__trials_concat,ECG,trials_concat,1080,1080.0,0.00526634623285377,0.7630294693224711,9.4,0.570884871550904,
pce29,pce29__EDA__rest1,EDA,rest1,180,180.0,-0.16111375352791585,0.6426127619674588,4.0,0.794701986754967,
pce29,pce29__EDA__rest_postblock,EDA,rest_postblock,540,540.0,0.2310125588117224,0.9990064333477783,29.2,0.9393346379647749,
pce29,pce29__EDA__trials_concat,EDA,trials_concat,1080,1080.0,0.177833671116334,0.940281020100434,26.4,1.141769743101808,
pce29,pce29__RESP__rest1,RESP,rest1,180,180.0,0.07515621734970358,0.5777634195373083,22.0,0.794701986754967,
pce29,pce29__RESP__rest_postblock,RESP,rest_postblock,540,540.0,-0.027946910709489695,0.40244014495098,,0.0,
pce29,pce29__RESP__trials_concat,RESP,trials_concat,1080,1080.0,-0.004433591672164267,0.4640744433643621,,0.0,
pce30,pce30__ECG__rest1,ECG,rest1,180,180.0,-0.01968436626640486,0.3474261958942983,,0.0,
pce30,pce30__ECG__rest_postblock,ECG,rest_postblock,540,540.0,0.043489281520429954,0.7553505919270169,23.666666666666668,0.7045009784735812,
pce30,pce30__ECG__trials_concat,ECG,trials_concat,1080,1080.0,-0.06597658288757005,0.7789970241810168,11.0,0.11417697431018078,
pce30,pce30__EDA__rest1,EDA,rest1,180,180.0,-0.0708819861263449,0.6126157022079192,6.0,0.794701986754967,
pce30,pce30__EDA__rest_postblock,EDA,rest_postblock,540,540.0,-0.20819938900002613,0.6113133797684563,7.0,0.23483365949119372,
pce30,pce30__EDA__trials_concat,EDA,trials_concat,1080,1080.0,-0.3233265374432622,0.5385389794196316,2.0,0.11417697431018078,
pce30,pce30__RESP__rest1,RESP,rest1,180,180.0,-0.05199213546341962,0.07302987532454253,,0.0,
pce30,pce30__RESP__rest_postblock,RESP,rest_postblock,540,540.0,-0.005241497583707135,0.44745021721425804,,0.0,
pce30,pce30__RESP__trials_concat,RESP,trials_concat,1080,1080.0,0.003912890944735989,0.4517507821593033,,0.0,
pce32,pce32__EDA__rest1,EDA,rest1,180,180.0,0.24057813854229726,0.7539936623211038,13.333333333333334,2.384105960264901,
pce32,pce32__EDA__rest_postblock,EDA,rest_postblock,540,540.0,-0.056705724106909,0.9972856249403077,40.0,0.46966731898238745,
pce32,pce32__EDA__trials_concat,EDA,trials_concat,1080,1080.0,-0.11472998638187902,0.9986798421051509,17.3,1.141769743101808,
pce32,pce32__RESP__rest1,RESP,rest1,180,180.0,-0.20868873086166342,0.06690739484535169,,0.0,
pce32,pce32__RESP__rest_postblock,RESP,rest_postblock,540,540.0,-0.13245729548367216,0.5244606073248637,,0.0,
pce32,pce32__RESP__trials_concat,RESP,trials_concat,1080,1080.0,-0.054426742118144446,0.8690924307256838,11.333333333333334,0.6850618458610848,
