id,true_shape,shape_above_ratio,shape_n_episodes,shape_n_peaks,shape_peak_asymmetry,shape_wcc_std,shape_wcc_range,shape_frac_negative,shape_autocorr_lag1,mean_synchrony,peak_amplitude,dwell_time,switching_rate,bimodality_coefficient,synchrony_entropy,onset_latency,rise_time,recovery_time
pce01__RESP__rest1,,0.046357615894039736,2.0,1.0,1.380952380952381,0.2131727859637381,0.8517060000000001,0.3708609271523179,0.9764279410745936,0.1418641456953642,0.59942,12.0,0.794701986754967,0.5577894703388292,4.1181231510398675,151.0,1.0,4.0
pce01__RESP__trials_concat,,0.0,0.0,0.0,,0.17713576065624784,0.9041,0.38058991436726924,0.9554358333629513,0.03249295813510942,0.39653999999999995,,0.0,0.3894692933603706,3.918777243260646,1051.0,1051.0,1051.0
pce02__ECG__rest1,,0.0,0.0,0.0,,0.17929951780235107,0.737919,0.5629139072847682,0.9580986750535685,-0.017682152317880794,0.295277,,0.0,0.45244751711007664,4.078201174958774,151.0,151.0,151.0
pce02__ECG__trials_concat,,0.1560418648905804,15.0,9.0,0.18181818181818182,0.34711938529564795,1.55196,0.37678401522359656,0.9699642471254237,0.1373957840152236,0.8098863333333333,11.571428571428571,1.598477640342531,0.45597300355800086,4.086126423604139,1051.0,223.0,16.0
pce02__EDA__rest1,,0.026490066225165563,1.0,1.0,1.2222222222222223,0.19747692486535662,1.041746,0.5364238410596026,0.9625409623732643,0.002321754966887421,0.5681776666666667,4.0,0.794701986754967,0.339354305312387,3.781668514768754,151.0,151.0,1.0
pce02__EDA__trials_concat,,0.4652711703139867,18.0,14.0,0.208955223880597,0.4330154310913437,1.693771,0.15794481446241673,0.9864033839371652,0.4225804881065652,0.9878163333333334,33.6,1.6555661274976214,0.5592366708177755,3.9529068417881383,679.0,2.0,31.0
pce02__RESP__rest1,,0.0,0.0,0.0,,0.21180145184299368,0.799606,0.8013245033112583,0.976126439361777,-0.20321814569536426,0.20686599999999997,,0.0,0.48873112250996154,4.16094174499281,151.0,151.0,151.0
pce02__RESP__trials_concat,,0.0675547098001903,10.0,6.0,2.121212121212121,0.29022126214520266,1.380952,0.4652711703139867,0.9861352834969839,0.03230414367269267,0.742483,11.333333333333334,0.6850618458610848,0.3616817143159744,4.0516253470404555,1051.0,138.0,5.0
pce03__ECG__rest1,,0.0,0.0,0.0,,0.20303044702982087,0.829153,0.6291390728476821,0.9566256596630407,-0.10119405960264903,0.24357266666666666,,0.0,0.46836748122804933,4.18249392997219,151.0,151.0,151.0
pce03__ECG__trials_concat,,0.13891531874405327,16.0,10.0,30.0,0.3632104182239109,1.532262,0.3615604186489058,0.9620829229805249,0.12595722645099905,0.7972633333333333,10.846153846153847,1.4843006660323501,0.45325412855190367,4.159071908709855,1051.0,44.0,2.0
pce03__EDA__rest1,,0.152317880794702,1.0,2.0,1.8,0.36641442163789223,1.343734,0.304635761589404,0.9863741227299585,0.0866627682119205,0.6232966666666666,20.0,0.794701986754967,0.6165716893082116,3.841651832265114,151.0,15.0,4.0
pce03__EDA__trials_concat,,0.10561370123691723,9.0,7.0,1.4285714285714286,0.44203155034738534,1.8709829999999998,0.4776403425309229,0.9864784424198201,-0.04574694005708849,0.8809993333333332,17.0,0.6850618458610848,0.43083943965066046,4.020310093918645,1051.0,262.0,3.0
pce03__RESP__rest1,,0.0,0.0,0.0,,0.08180172001480128,0.423697,0.46357615894039733,0.8319720816918325,0.0033966887417218538,0.1973103333333333,,0.0,0.3706979975772627,3.858141107243292,151.0,151.0,151.0
pce03__RESP__trials_concat,,0.0,0.0,0.0,,0.16463514382917843,1.051843,0.5680304471931494,0.954081653477714,-0.034041743101807805,0.459321,,0.0,0.2927120295771715,3.584928672003306,1051.0,1051.0,1051.0
pce04__ECG__rest1,,0.09933774834437085,1.0,2.0,0.4166666666666667,0.18375227428685048,0.829051,0.09271523178807947,0.9735375990800728,0.25989586092715233,0.6282633333333333,13.0,0.794701986754967,0.336256534349197,3.909679296843041,122.0,2.0,10.0
pce04__ECG__trials_concat,,0.12369172216936251,11.0,5.0,0.6904761904761905,0.33251745884007106,1.590338,0.49857278782112274,0.9594194620897986,0.05993250333016174,0.8775703333333333,18.285714285714285,0.7992388201712655,0.4109800407786582,3.9744000010554945,1051.0,840.0,25.0
pce04__EDA__rest1,,0.0,0.0,0.0,,0.24555369162277058,1.11315,0.7284768211920529,0.9742299383152905,-0.17605670860927153,0.394657,,0.0,0.440711720523203,3.984856666020781,151.0,151.0,151.0
pce04__EDA__trials_concat,,0.36726926736441484,15.0,11.0,3.0384615384615383,0.545417264580517,1.9393099999999999,0.3273073263558516,0.9887708694504799,0.2503462692673644,0.9985483333333333,28.071428571428573,1.5413891531874406,0.5366446820125821,4.110019701181306,1051.0,9.0,22.0
pce04__RESP__rest1,,0.2781456953642384,2.0,3.0,1.3333333333333333,0.24667709086585152,0.924379,0.039735099337748346,0.977112408805115,0.2757039867549669,0.7305969999999999,21.5,1.1920529801324504,0.6792837378737975,3.8201812589672706,74.0,6.0,6.0
pce04__RESP__trials_concat,,0.010466222645099905,1.0,1.0,0.6363636363636364,0.19362062553504675,1.2300870000000002,0.4367269267364415,0.9629664011676576,0.03641490009514748,0.6403696666666666,16.0,0.11417697431018078,0.3146208806900225,3.689076470758873,1051.0,1.0,3.0
pce05__ECG__rest1,,0.06622516556291391,2.0,1.0,0.8,0.32216269700438577,1.354183,0.6887417218543046,0.9851582198350824,-0.1062923443708609,0.6430666666666667,7.0,0.794701986754967,0.419535105825077,4.010275428323736,131.0,3.0,3.0
pce05__ECG__trials_concat,,0.08753568030447194,6.0,5.0,30.0,0.3304599845579862,1.5838860000000001,0.49476688867745006,0.951661836024687,0.004922418648905813,0.8264529999999999,14.666666666666666,0.6850618458610848,0.42776969317919317,3.989503067982598,1051.0,386.0,2.0
pce05__EDA__rest1,,0.059602649006622516,1.0,2.0,4.111111111111111,0.26465181587576847,1.268805,0.304635761589404,0.958010747857968,0.12589670198675496,0.6106,9.0,0.794701986754967,0.4086214131155007,3.942075823475835,73.0,151.0,3.0
pce05__EDA__trials_concat,,0.39581351094196005,18.0,12.0,2.2888888888888888,0.5609659727334507,1.975663,0.340627973358706,0.989501778590821,0.25940948905803995,0.9937863333333333,29.714285714285715,1.598477640342531,0.5548796435735233,4.041825850609874,144.0,76.0,41.0
pce05__RESP__rest1,,0.0,0.0,0.0,,0.21555255557313932,0.824856,0.423841059602649,0.9663708229967028,0.013820814569536422,0.41770666666666667,,0.0,0.44342095354893263,3.8507686527256855,151.0,151.0,151.0
pce05__RESP__trials_concat,,0.003805899143672693,1.0,1.0,1.0526315789473684,0.1791575104848413,1.027915,0.5775451950523312,0.9621733197184271,-0.030685186489058044,0.5736533333333333,5.0,0.11417697431018078,0.37059954479263546,3.825738860283901,1051.0,1051.0,2.0
pce06__ECG__rest1,,0.0,0.0,0.0,,0.21684548068883633,0.8822559999999999,0.6754966887417219,0.9752039610042217,-0.13710207947019867,0.346919,,0.0,0.46998544182161645,4.054093223348557,151.0,151.0,151.0
pce06__ECG__trials_concat,,0.20742150333016174,12.0,8.0,0.06896551724137931,0.32610720819321337,1.43269,0.2949571836346337,0.9614515225011062,0.19811296860133204,0.9394156666666666,21.0,1.141769743101808,0.45950597027636425,4.13004699288832,1051.0,180.0,15.0
pce06__EDA__rest1,,0.013245033112582781,1.0,1.0,0.26666666666666666,0.29636966078707017,1.3050830000000002,0.4966887417218543,0.9706477191396442,-0.03617115231788077,0.5345086666666667,3.0,0.794701986754967,0.5356490632984173,3.6908760886252865,151.0,151.0,1.0
pce06__EDA__trials_concat,,0.2759276879162702,21.0,9.0,0.42857142857142855,0.44236822957106664,1.960048,0.32159847764034255,0.9811367894084866,0.21647813891531875,0.9813276666666666,19.933333333333334,1.6555661274976214,0.43766052442024644,4.030094275530673,1051.0,483.0,33.0
pce06__RESP__rest1,,0.0,0.0,0.0,,0.09843244802718085,0.5144029999999999,0.6026490066225165,0.8798337087901951,-0.02598317880794702,0.255899,,0.0,0.35763928103293113,3.824555581314923,151.0,151.0,151.0
pce06__RESP__trials_concat,,0.0,0.0,0.0,,0.13650339042707577,0.811681,0.44148430066603234,0.9373225596379379,0.014707782112274026,0.4053523333333333,,0.0,0.3259888541196483,3.769006076351001,1051.0,1051.0,1051.0
pce07__ECG__rest1,,0.006622516556291391,1.0,1.0,0.52,0.2849099416280429,1.038417,0.6026490066225165,0.9779880784441908,-0.04836558278145698,0.4964736666666666,,0.0,0.477062442581637,4.073525887760786,151.0,151.0,151.0
pce07__ECG__trials_concat,,0.17982873453853473,15.0,8.0,0.5714285714285714,0.3508054923824023,1.363941,0.4110371075166508,0.961637908032694,0.10788336060894385,0.7719579999999999,18.6,1.0846812559467174,0.5210326277683245,4.244614656056065,1051.0,811.0,2.0
pce07__EDA__rest1,,0.09933774834437085,2.0,2.0,1.5714285714285714,0.23627816792269957,1.240684,0.17218543046357615,0.9556862500966891,0.19970156953642387,0.9545039999999999,8.0,1.589403973509934,0.5656820685596134,3.5040550398414156,115.0,3.0,2.0
pce07__EDA__trials_concat,,0.2921027592768792,18.0,12.0,0.6363636363636364,0.43817051283920183,1.6873179999999999,0.39295908658420553,0.9827486744066058,0.20003977830637487,0.9744076666666667,19.6,1.7126546146527117,0.5011932717478889,4.200773656292207,1051.0,383.0,19.0
pce07__RESP__rest1,,0.0,0.0,0.0,,0.1542338502151021,0.6317699999999999,0.5033112582781457,0.9578137779168393,0.025701403973509937,0.29717233333333337,,0.0,0.5850903373439031,3.92076259825086,151.0,151.0,151.0
pce07__RESP__trials_concat,,0.0019029495718363464,1.0,1.0,3.375,0.18488541959341864,1.2364920000000001,0.4367269267364415,0.9636699079354958,0.0199682768791627,0.5004526666666667,,0.0,0.2871609627539398,3.5663219608234504,1051.0,1051.0,1.0
pce08__ECG__rest1,,0.026490066225165563,2.0,1.0,6.5,0.19560280615417855,0.995706,0.271523178807947,0.9461389449698667,0.11160503973509935,0.6629236666666667,3.0,0.3973509933774835,0.386291938327619,3.870748325544628,151.0,151.0,2.0
pce08__ECG__trials_concat,,0.016175071360608945,5.0,5.0,6.75,0.306892127439456,1.413922,0.566127497621313,0.9524581563704334,-0.06881388201712654,0.6693993333333332,3.6666666666666665,0.3425309229305424,0.46083256234509135,4.07121099970516,1051.0,759.0,4.0
pce08__EDA__rest1,,0.059602649006622516,1.0,1.0,3.625,0.22417964837677654,1.0277859999999999,0.271523178807947,0.9456005807756177,0.12558387417218544,0.5924666666666667,10.0,0.794701986754967,0.3872140212228991,3.895641206568751,36.0,5.0,3.0
pce08__EDA__trials_concat,,0.12749762131303521,12.0,6.0,1.5490196078431373,0.47939967199574796,1.9449070000000002,0.4538534728829686,0.989123596638334,0.003290945765937204,0.893097,14.555555555555555,1.027592768791627,0.48247326129108137,4.080480659055611,1051.0,1.0,30.0
pce08__RESP__rest1,,0.013245033112582781,2.0,1.0,1.3461538461538463,0.31995150113849186,1.079912,0.5960264900662252,0.9908620741691941,-0.06629074172185434,0.5085519999999999,,0.0,0.6004325762331648,4.0861068142442605,151.0,151.0,1.0
pce08__RESP__trials_concat,,0.0,0.0,0.0,,0.12993284202629302,0.850313,0.5642245480494766,0.9264406852034978,-0.015196450047573742,0.4075583333333333,,0.0,0.3190154673762953,3.6454614081068897,1051.0,1051.0,1051.0
pce09__ECG__rest1,,0.0,0.0,0.0,,0.20515163517497356,0.800265,0.5384615384615384,0.9488087763307309,-0.0013510615384615399,0.39254833333333333,,0.0,0.5107304567128992,4.09290878018881,130.0,130.0,130.0
pce09__ECG__trials_concat,,0.14081826831588962,16.0,10.0,1.0714285714285714,0.3469824096676941,1.651776,0.3644148430066603,0.9688195315960044,0.09643157849666983,0.8346966666666666,16.22222222222222,1.027592768791627,0.40734660415960455,4.037695303185141,1051.0,767.0,19.0
pce09__EDA__rest1,,0.0,0.0,0.0,,0.26876486993273746,1.217463,0.6946564885496184,0.9710226189445574,-0.10778197709923663,0.227074,,0.0,0.605113764083041,3.613578253587958,131.0,131.0,131.0
pce09__EDA__trials_concat,,0.44719314938154137,20.0,11.0,1.3535353535353536,0.44282101770953364,1.898644,0.2017126546146527,0.9867374238967968,0.3819224690770694,0.9965563333333333,29.733333333333334,1.7126546146527117,0.482962984377775,3.806618079631099,800.0,168.0,40.0
pce09__RESP__rest1,,0.0,0.0,0.0,,0.09331863914926422,0.392761,0.2595419847328244,0.8897645611615762,0.06835164885496184,0.23394866666666664,,0.0,0.4562177320144839,4.13707724232057,131.0,131.0,131.0
pce09__RESP__trials_concat,,0.0009514747859181732,1.0,1.0,0.5384615384615384,0.2050836992839412,1.1773099999999999,0.489058039961941,0.9713415521578539,0.005313721217887727,0.4889726666666666,,0.0,0.3519891910287359,3.8182147690100505,1051.0,1051.0,1051.0
pce10__ECG__rest1,,0.026490066225165563,1.0,1.0,0.8947368421052632,0.2715321325870861,1.1735,0.5033112582781457,0.974992559708823,-0.0166217417218543,0.599532,4.0,0.794701986754967,0.42978453195030797,3.902244788882353,151.0,151.0,2.0
pce10__ECG__trials_concat,,0.15413891531874405,10.0,9.0,0.4444444444444444,0.3202734185873147,1.486468,0.45575642245480497,0.9665170685006522,0.11114059562321597,0.8492963333333332,19.142857142857142,0.7992388201712655,0.5033019504699416,3.976412771142943,1051.0,131.0,26.0
pce10__EDA__rest1,,0.0,0.0,0.0,,0.3253245782658361,1.2549670000000002,0.6357615894039735,0.9704273529466704,-0.10259205960264899,0.4687653333333333,,0.0,0.510055940422177,4.090073581858113,151.0,151.0,151.0
pce10__EDA__trials_concat,,0.5242626070409134,16.0,14.0,2.8666666666666667,0.4649264940279606,1.70173,0.2521408182683159,0.988416497389837,0.41618999714557564,0.9923836666666666,42.30769230769231,1.4843006660323501,0.6459246759729264,3.9720228547341625,566.0,5.0,20.0
pce10__RESP__rest1,,0.12582781456953643,1.0,2.0,0.24,0.23927121293272688,0.9878009999999999,0.33112582781456956,0.9780343186510769,0.1329139205298013,0.667345,20.0,0.3973509933774835,0.5805533265378965,3.876429824261084,151.0,4.0,10.0
pce10__RESP__trials_concat,,0.014272121788772598,3.0,2.0,1.6470588235294117,0.21071192533101427,1.205743,0.5004757373929591,0.9702563410187242,0.021001207421503326,0.6420436666666667,8.0,0.11417697431018078,0.34329506263296683,3.829518812994155,1051.0,836.0,5.0
pce11__ECG__rest1,,0.11920529801324503,2.0,3.0,1.0434782608695652,0.353479618479765,1.2780019999999999,0.5761589403973509,0.985458667489742,0.011541205298013273,0.7075403333333333,8.5,1.1920529801324504,0.555900160604159,4.138272200333056,38.0,6.0,6.0
pce11__ECG__trials_concat,,0.16460513796384396,17.0,9.0,0.03225806451612903,0.3559308681137425,1.609734,0.34157944814462415,0.9638519608694168,0.13212365746907706,0.8608706666666666,11.785714285714286,1.598477640342531,0.4209505930277164,4.083451256891568,1051.0,135.0,4.0
pce11__EDA__rest1,,0.0,0.0,0.0,,0.21100918767035023,0.9320280000000001,0.8013245033112583,0.9624809623794057,-0.160207059602649,0.3163573333333333,,0.0,0.3488045923973084,3.928984175995584,151.0,151.0,151.0
pce11__EDA__trials_concat,,0.14367269267364416,9.0,6.0,0.5714285714285714,0.576531572724763,1.9769450000000002,0.69267364414843,0.9912424597529172,-0.2311063453853473,0.9983213333333332,29.0,0.570884871550904,0.5945679355401264,4.093506753420133,311.0,306.0,35.0
pce11__RESP__rest1,,0.1986754966887417,1.0,3.0,2.5,0.3521129587150244,1.269925,0.5960264900662252,0.9912048208629917,0.06660527814569538,0.8665049999999999,25.0,0.794701986754967,0.7243363238332087,3.9288804552574206,19.0,10.0,4.0
pce11__RESP__trials_concat,,0.05137963843958135,9.0,7.0,0.7727272727272727,0.30843780799584397,1.447882,0.5575642245480494,0.9880470256135632,-0.0312857764034253,0.6681903333333333,8.6,0.570884871550904,0.4406203329855903,4.0747561285322655,1051.0,124.0,5.0
pce12__ECG__rest1,,0.06622516556291391,3.0,1.0,4.0,0.17488386554514504,0.9043180000000001,0.10596026490066225,0.9410555631651404,0.1843767284768212,0.652118,4.0,1.1920529801324504,0.41735526660517264,3.754647781910315,151.0,63.0,3.0
pce12__ECG__trials_concat,,0.1065651760228354,15.0,8.0,1.4,0.33157527604362097,1.579285,0.48525214081826834,0.966525743217031,0.035827540437678405,0.7778813333333332,12.5,1.141769743101808,0.4424270436721315,4.037128781187895,1051.0,24.0,3.0
pce12__EDA__rest1,,0.019867549668874173,1.0,1.0,0.8888888888888888,0.20197185848507004,0.9627459999999999,0.2781456953642384,0.9619103393690909,0.09214076821192052,0.5973506666666666,4.0,0.794701986754967,0.3821880286876009,3.711173355617901,151.0,1.0,2.0
pce12__EDA__trials_concat,,0.15889628924833493,13.0,8.0,0.12857142857142856,0.3946931873684819,1.856245,0.4253092293054234,0.9877888748980341,0.087686973358706,0.9868149999999999,23.714285714285715,0.7992388201712655,0.3733911690967673,4.029736233740287,1051.0,209.0,33.0
pce12__RESP__rest1,,0.0,0.0,0.0,,0.2854433469057923,1.144113,0.7086092715231788,0.9851777240929923,-0.120651880794702,0.4126863333333333,,0.0,0.405030840044692,3.963758057481032,151.0,151.0,151.0
pce12__RESP__trials_concat,,0.003805899143672693,1.0,1.0,0.45,0.24287696291194472,1.3636840000000001,0.5156993339676499,0.9802086761234405,-0.021874763082778307,0.5490613333333333,2.0,0.11417697431018078,0.3681034668284575,3.7923089283053026,1051.0,1051.0,2.0
pce13__ECG__rest1,,0.0,0.0,0.0,,0.15484656617066123,0.664648,0.3708609271523179,0.9313282018311723,0.05146729801324504,0.362737,,0.0,0.4280183848910149,4.048400361285478,151.0,151.0,151.0
pce13__ECG__trials_concat,,0.25118934348239774,15.0,10.0,0.1388888888888889,0.398172310353667,1.7220460000000002,0.3872502378686965,0.9604445570201546,0.15320929400570885,0.888777,21.583333333333332,1.3701236917221695,0.49323410585447225,4.0764221164085575,1051.0,1051.0,27.0
pce13__EDA__rest1,,0.12582781456953643,2.0,2.0,2.3333333333333335,0.3531242384671429,1.362701,0.4105960264900662,0.9785175357804246,0.06165801986754966,0.7199413333333333,9.5,1.589403973509934,0.4757880407137295,3.6975601225992287,55.0,7.0,4.0
pce13__EDA__trials_concat,,0.5166508087535681,18.0,12.0,1.441860465116279,0.41372391941873127,1.658088,0.1874405328258801,0.9858922793491376,0.45632576688867743,0.9967833333333332,33.75,1.7126546146527117,0.5729479513431128,3.9467917912810635,485.0,42.0,33.0
pce13__RESP__rest1,,0.059602649006622516,1.0,2.0,0.95,0.23116541620375283,1.029172,0.33112582781456956,0.9795707567088302,0.09131814569536426,0.5915403333333333,8.0,0.794701986754967,0.3634509294629196,4.017512410578716,35.0,4.0,2.0
pce13__RESP__trials_concat,,0.06374881065651761,7.0,4.0,1.4545454545454546,0.4032602144537025,1.749568,0.5556612749762131,0.9925671420043559,-0.08318355375832541,0.807877,18.0,0.45670789724072314,0.4326188093905699,4.144371300036081,1051.0,5.0,14.0
pce14__ECG__rest1,,0.0,0.0,0.0,,0.16413676539690716,0.6834899999999999,0.5364238410596026,0.9173378855840658,0.023847165562913906,0.3128223333333333,,0.0,0.47221131466781163,4.03625850582623,151.0,151.0,151.0
pce14__ECG__trials_concat,,0.06945765937202664,8.0,6.0,1.6111111111111112,0.3342924813082279,1.625274,0.461465271170314,0.9720784113512326,0.0221301550903901,0.903986,17.5,0.45670789724072314,0.4027673115035669,3.9827484194548983,1051.0,14.0,2.0
pce14__EDA__rest1,,0.2781456953642384,1.0,5.0,1.619047619047619,0.4952129086929955,1.5656240000000001,0.5496688741721855,0.9931706973853999,0.038402682119205285,0.9062306666666665,41.0,0.794701986754967,0.7708739497951785,3.6351963669780383,37.0,16.0,8.0
pce14__EDA__trials_concat,,0.4224548049476689,20.0,14.0,0.8611111111111112,0.4284138642791304,1.9206349999999999,0.15889628924833493,0.9883927976730138,0.4083932816365367,0.994775,28.3125,1.8268315889628925,0.4328586012024521,3.7950759886618615,1051.0,87.0,29.0
pce14__RESP__rest1,,0.0,0.0,0.0,,0.24871421765198845,0.8604700000000001,0.4966887417218543,0.9764852678548623,-0.02410422516556292,0.317938,,0.0,0.6305756869821051,4.121770199165742,151.0,151.0,151.0
pce14__RESP__trials_concat,,0.023786869647954328,2.0,2.0,0.4098360655737705,0.25764674987307434,1.537575,0.48239771646051377,0.980137520283092,-0.005477083729781165,0.7729153333333333,23.0,0.11417697431018078,0.3304457391640683,3.7299221074402866,1051.0,3.0,10.0
pce15__ECG__rest1,,0.0,0.0,0.0,,0.12782862385060204,0.673603,0.2847682119205298,0.8791388931143121,0.06889122516556291,0.382791,,0.0,0.31559653164047213,3.8500242202800052,151.0,151.0,151.0
pce15__ECG__trials_concat,,0.022835394862036156,10.0,6.0,0.4918032786885246,0.2887306100643617,1.388596,0.461465271170314,0.9561783674034603,-0.0005330209324452901,0.6697446666666667,5.25,0.45670789724072314,0.4652856538662795,3.9635662086137504,1051.0,1051.0,3.0
pce15__EDA__rest1,,0.0,0.0,0.0,,0.20819189154202525,1.190642,0.2781456953642384,0.94547571806598,0.08090718543046357,0.4932403333333333,,0.0,0.28362836020728727,3.3679308603406866,151.0,151.0,151.0
pce15__EDA__trials_concat,,0.2768791627021884,11.0,9.0,0.2807017543859649,0.4621007525158627,1.8040790000000002,0.3758325404376784,0.990841781535626,0.20050045480494766,0.9823919999999999,27.454545454545453,1.2559467174119887,0.511293109961266,4.155070431289788,732.0,144.0,27.0
pce15__RESP__rest1,,0.033112582781456956,3.0,2.0,2.176470588235294,0.2968245120151365,1.089046,0.4304635761589404,0.9862265828385732,0.018238125827814585,0.5072653333333333,,0.0,0.4888616253009277,4.145109409089149,151.0,151.0,1.0
pce15__RESP__trials_concat,,0.047573739295908656,6.0,5.0,1.6,0.30112771547512435,1.507866,0.5585156993339676,0.986801073274974,-0.04091218744053282,0.7325806666666667,10.2,0.570884871550904,0.4115183210660437,4.003278862075385,1051.0,394.0,4.0
pce16__ECG__rest1,,0.15894039735099338,2.0,2.0,2.3043478260869565,0.4562417483020354,1.5192070000000002,0.5033112582781457,0.9924363843789816,-0.03335268874172182,0.7675076666666666,10.0,1.589403973509934,0.6088746806817065,4.112415956178115,104.0,39.0,8.0
pce16__ECG__trials_concat,,0.33111322549952427,19.0,12.0,0.7428571428571429,0.47983888651201373,1.830391,0.2978116079923882,0.9651852142309088,0.2095174938154139,0.9532729999999998,20.58823529411765,1.9410085632730734,0.5130075364141803,4.138221441943117,151.0,86.0,21.0
pce16__EDA__rest1,,0.026490066225165563,2.0,1.0,1.1538461538461537,0.25416363729119534,1.204003,0.304635761589404,0.9582873304972975,0.060439794701986745,0.556295,8.0,0.794701986754967,0.4595983298385851,3.7963583897109547,151.0,151.0,1.0
pce16__EDA__trials_concat,,0.38915318744053284,20.0,12.0,0.36363636363636365,0.6158736890697375,1.973663,0.3549000951474786,0.9930842597168635,0.1653958705994291,0.9774346666666666,26.2,1.7126546146527117,0.6209391267009234,4.092811267250628,1051.0,206.0,35.0
pce16__RESP__rest1,,0.0,0.0,0.0,,0.22620573314367245,0.9432560000000001,0.6225165562913907,0.9753957292408779,-0.05905756953642384,0.4198143333333333,,0.0,0.4536378646133687,4.122571453812261,151.0,151.0,151.0
pce16__RESP__trials_concat,,0.05994291151284491,7.0,5.0,5.0,0.30242548645047945,1.617823,0.5061845861084682,0.9867336519091654,0.016019481446241667,0.7661236666666666,14.75,0.39961941008563273,0.34019003687444743,3.893691315948443,1051.0,253.0,1051.0
pce17__ECG__rest1,,0.0,0.0,0.0,,0.1778173798582125,0.7844720000000001,0.7549668874172185,0.957256480659531,-0.09270552980132449,0.35617533333333334,,0.0,0.5634063585049467,3.8055584287480833,151.0,151.0,151.0
pce17__ECG__trials_concat,,0.14843006660323502,14.0,8.0,0.1935483870967742,0.37535057097227303,1.694776,0.5318744053282588,0.968318350000842,0.0019371598477640288,0.8893716666666667,21.0,0.7992388201712655,0.46255238011835437,4.042104846084997,1051.0,4.0,4.0
pce17__EDA__rest1,,0.15894039735099338,3.0,4.0,0.8148148148148148,0.3441635598056643,1.3056480000000001,0.4966887417218543,0.9774977269698909,0.050846178807947,0.5993473333333332,22.0,0.794701986754967,0.5468965057292294,3.9854516973623317,74.0,151.0,6.0
pce17__EDA__trials_concat,,0.4995242626070409,12.0,11.0,6.025,0.5609445767974605,1.919769,0.2987630827783064,0.9905042259886913,0.36430119124643195,0.9981763333333333,53.3,1.141769743101808,0.6460003781175809,3.834007450598676,499.0,2.0,35.0
pce17__RESP__rest1,,0.0,0.0,0.0,,0.1411756798294684,0.7641629999999999,0.3708609271523179,0.9373292101948275,0.02114692715231788,0.299013,,0.0,0.4203834584896086,3.7001530608296775,151.0,151.0,151.0
pce17__RESP__trials_concat,,0.0,0.0,0.0,,0.1444888228923688,0.788232,0.4681255946717412,0.9425945001151261,0.023469213130352044,0.399348,,0.0,0.3715009641642191,3.891786371766139,1051.0,1051.0,1051.0
pce18__ECG__rest1,,0.0,0.0,0.0,,0.2810990341794641,0.9322090000000001,0.36423841059602646,0.9782937353117616,0.03691271523178809,0.442667,,0.0,0.6422035896688569,4.108407615401434,151.0,151.0,151.0
pce18__ECG__trials_concat,,0.27783063748810655,18.0,11.0,0.34210526315789475,0.37200686639475644,1.4965570000000001,0.3168411037107517,0.9427009519259997,0.22061129210275926,0.8852763333333333,18.933333333333334,1.7126546146527117,0.5233931299536791,4.131470210850188,1051.0,240.0,35.0
pce18__EDA__rest1,,0.0,0.0,0.0,,0.2409200776794657,0.9677420000000001,0.271523178807947,0.9706810484961176,0.08234407947019869,0.44531266666666663,,0.0,0.6588240996248612,3.817450785191363,151.0,151.0,151.0
pce18__EDA__trials_concat,,0.15128449096098953,11.0,6.0,0.4666666666666667,0.45779921669292123,1.9257140000000001,0.5575642245480494,0.9886063788549087,-0.04919777450047575,0.951533,17.875,0.8563273073263559,0.4200396080733161,4.150211106006895,1051.0,375.0,13.0
pce18__RESP__rest1,,0.0,0.0,0.0,,0.1193169402148523,0.6189450000000001,0.4105960264900662,0.9139674704838805,0.028244807947019862,0.223438,,0.0,0.3823545640960306,3.8410858008134183,151.0,151.0,151.0
pce18__RESP__trials_concat,,0.0,0.0,0.0,,0.14465186643552372,0.865794,0.49476688867745006,0.9501921787244316,-0.0008852226450999038,0.41957199999999994,,0.0,0.3174673358928636,3.76254843012641,1051.0,1051.0,1051.0
pce19__ECG__rest1,,0.006622516556291391,1.0,1.0,1.375,0.17011880161287568,0.754262,0.271523178807947,0.9585249033568582,0.12350777483443709,0.4804583333333333,,0.0,0.47593896798047797,4.004331311497828,151.0,151.0,151.0
pce19__ECG__trials_concat,,0.1170313986679353,11.0,8.0,4.333333333333333,0.38554787806676577,1.584421,0.49857278782112274,0.9716671413156588,0.009628668886774503,0.8002403333333332,14.875,0.9134157944814463,0.4643091313070826,4.168540837351484,1051.0,229.0,5.0
pce19__EDA__rest1,,0.0,0.0,0.0,,0.22612418609007062,0.732199,0.8609271523178808,0.9859417309161057,-0.2602031920529802,0.05127366666666666,,0.0,0.637609436690371,4.139453120227979,151.0,151.0,151.0
pce19__EDA__trials_concat,,0.26070409134157946,11.0,9.0,1.2571428571428571,0.59512440427554,1.9740280000000001,0.46241674595623217,0.9940087914152337,0.04439685727878212,0.9940783333333333,28.9,1.141769743101808,0.5367836513551242,4.245558916163556,1051.0,64.0,18.0
pce19__RESP__rest1,,0.033112582781456956,2.0,1.0,0.07692307692307693,0.1966570617017895,0.9218120000000001,0.33774834437086093,0.9757018513277435,0.09871135099337748,0.5439883333333333,,0.0,0.39803811052870464,3.927513578152021,151.0,151.0,2.0
pce19__RESP__trials_concat,,0.08277830637488107,8.0,5.0,1.103448275862069,0.38718556415330346,1.6956760000000002,0.5861084681255947,0.9931008737442003,-0.06751029876308276,0.8704426666666666,23.75,0.45670789724072314,0.4181804038881013,4.142794276693709,1051.0,4.0,8.0
pce20__ECG__rest1,,0.0,0.0,0.0,,0.20298698400408943,1.105125,0.5894039735099338,0.9613629645055394,-0.06310458940397352,0.40659833333333334,,0.0,0.3268912217477859,3.695564239362532,151.0,151.0,151.0
pce20__ECG__trials_concat,,0.13415794481446242,11.0,7.0,0.029411764705882353,0.401343817691942,1.694153,0.461465271170314,0.9616529923033089,0.05693568315889629,0.8664949999999999,18.142857142857142,0.7992388201712655,0.4640622011665229,4.10926979810485,1051.0,169.0,3.0
pce20__EDA__rest1,,0.09271523178807947,1.0,1.0,3.5,0.23201169205015956,1.13039,0.5231788079470199,0.9580589378544784,0.03226235761589405,0.695417,11.0,0.3973509933774835,0.5782873410139364,3.4644183979452867,137.0,5.0,151.0
pce20__EDA__trials_concat,,0.4034253092293054,23.0,12.0,0.6237623762376238,0.45491987851186627,1.899524,0.21217887725975262,0.97880803879057,0.3541219933396765,0.9755526666666665,22.0,2.055185537583254,0.48851337964228947,3.9595999344433346,1051.0,21.0,35.0
pce20__RESP__rest1,,0.0,0.0,0.0,,0.10768652661485965,0.490112,0.4503311258278146,0.9007169973714455,0.024444105960264903,0.25476333333333334,,0.0,0.47509806980744296,3.9924415711327317,151.0,151.0,151.0
pce20__RESP__trials_concat,,0.0,0.0,0.0,,0.1286808502557766,0.822154,0.5642245480494766,0.9200492975147203,-0.02022731208372978,0.37002599999999997,,0.0,0.31347180323332513,3.679257161382643,1051.0,1051.0,1051.0
pce21__ECG__rest1,,0.0,0.0,0.0,,0.2491332893722628,1.0357,0.7880794701986755,0.9693327522609303,-0.19264369536423842,0.31468399999999996,,0.0,0.4270700683238681,4.00805661842553,151.0,151.0,151.0
pce21__ECG__trials_concat,,0.09324452901998097,12.0,8.0,0.2916666666666667,0.40814932943254445,1.866629,0.4367269267364415,0.9607447379401545,0.03343036536631779,0.902927,11.625,0.9134157944814463,0.4416468065534141,3.9770068442439803,1051.0,1.0,24.0
pce21__EDA__rest1,,0.006622516556291391,1.0,1.0,0.13043478260869565,0.2907390080243329,1.2100710000000001,0.6357615894039735,0.9652043343718718,-0.2056889801324503,0.315511,,0.0,0.57133253308521,3.8112474364963758,151.0,151.0,151.0
pce21__EDA__trials_concat,,0.07992388201712655,10.0,6.0,1.5,0.42644822485313155,1.944347,0.7231208372978116,0.9813150973935423,-0.1715079448144624,0.9714466666666666,12.0,0.7992388201712655,0.389085519320171,3.9628426013570426,1051.0,726.0,14.0
pce21__RESP__rest1,,0.0,0.0,0.0,,0.09283819919971108,0.497903,0.5827814569536424,0.8575017068828469,-0.008468807947019869,0.26558933333333334,,0.0,0.37477032270999117,3.806887051162085,151.0,151.0,151.0
pce21__RESP__trials_concat,,0.008563273073263558,4.0,3.0,0.8846153846153846,0.24522596005311148,1.303169,0.4643196955280685,0.9812241143282501,0.014461953377735494,0.5629916666666666,6.0,0.11417697431018078,0.36902058615358724,3.894778796684352,1051.0,2.0,3.0
pce22__ECG__rest1,,0.0,0.0,0.0,,0.19367031338107663,0.836647,0.7549668874172185,0.9610627272554969,-0.13095578145695363,0.2531933333333333,,0.0,0.4811270789497118,3.852034567227919,151.0,151.0,151.0
pce22__ECG__trials_concat,,0.1455756422454805,19.0,11.0,0.41935483870967744,0.31235019995357616,1.593254,0.3139866793529971,0.9555382228237266,0.17675438154138914,0.8944513333333334,14.181818181818182,1.2559467174119887,0.37782492773890525,3.9595129210202913,1051.0,1051.0,29.0
pce22__EDA__rest1,,0.24503311258278146,2.0,4.0,1.0,0.40866818842424263,1.5587300000000002,0.37748344370860926,0.9843289866747157,0.12031985430463574,0.7494363333333333,19.5,1.589403973509934,0.49640219798976026,4.007213847593712,41.0,1.0,14.0
pce22__EDA__trials_concat,,0.1560418648905804,13.0,8.0,1.8837209302325582,0.4317905815731936,1.911597,0.49762131303520457,0.9850144910690742,0.05001147098001901,0.9648713333333333,17.0,1.027592768791627,0.3746717334782261,4.057687196901967,1051.0,299.0,16.0
pce22__RESP__rest1,,0.0,0.0,0.0,,0.1364359694113678,0.691415,0.47019867549668876,0.9383820180244775,-0.013928178807947023,0.305897,,0.0,0.3339178037046688,3.7699150146513505,151.0,151.0,151.0
pce22__RESP__trials_concat,,0.037107516650808754,7.0,4.0,0.2289156626506024,0.22812734987269775,1.184779,0.5195052331113226,0.9744801342535251,0.01596077164605138,0.6235406666666667,12.333333333333334,0.3425309229305424,0.39108126017279865,3.9174649750688255,1051.0,1051.0,6.0
pce23__ECG__rest1,,0.1390728476821192,2.0,3.0,0.5384615384615384,0.22970423936431497,0.981572,0.1456953642384106,0.9641325834611231,0.2562714172185431,0.7571416666666666,23.0,0.794701986754967,0.3851188829881751,4.09587531221832,94.0,151.0,4.0
pce23__ECG__trials_concat,,0.1313035204567079,13.0,7.0,0.20689655172413793,0.3742676831955442,1.712918,0.45004757373929594,0.9646393653608081,0.06169001427212179,0.8845756666666666,12.5,1.3701236917221695,0.413044591720156,4.089550592669061,1051.0,26.0,5.0
pce23__EDA__rest1,,0.0,0.0,0.0,,0.22213947065492923,0.894787,0.40397350993377484,0.9540570525527177,0.06429604635761589,0.46501133333333333,,0.0,0.42272225081328946,3.9588741180515843,151.0,151.0,151.0
pce23__EDA__trials_concat,,0.42055185537583256,15.0,12.0,1.11864406779661,0.39125390793004977,1.512462,0.241674595623216,0.9874982087513547,0.35014383444338726,0.9919516666666666,49.22222222222222,1.027592768791627,0.5221386679174042,4.132606676756846,190.0,86.0,27.0
pce23__RESP__rest1,,0.0,0.0,0.0,,0.20948843400861863,0.892369,0.423841059602649,0.9703821467107677,0.011945231788079469,0.3871753333333333,,0.0,0.4994896613398802,3.9584189211023646,151.0,151.0,151.0
pce23__RESP__trials_concat,,0.11132254995242626,9.0,6.0,0.896551724137931,0.39291818770205206,1.6647180000000001,0.4357754519505233,0.993176092859688,0.039982024738344446,0.8039146666666666,18.0,0.6850618458610848,0.4777983172580281,4.163366079852168,1051.0,153.0,11.0
pce24__EDA__rest1,,0.0,0.0,0.0,,0.163425881292272,0.710655,0.6291390728476821,0.9438788183145763,-0.09942782781456953,0.14137466666666665,,0.0,0.5710540554188935,3.8148325149956093,151.0,151.0,151.0
pce24__EDA__trials_concat,,0.38058991436726924,15.0,10.0,0.5609756097560976,0.5331774999417027,1.910365,0.4015223596574691,0.9909158589265287,0.19468540247383442,0.9927306666666667,33.0,1.313035204567079,0.5653086337497257,4.175862063322733,448.0,388.0,18.0
pce24__RESP__rest1,,0.0,0.0,0.0,,0.2032095146409123,0.9080440000000001,0.8344370860927153,0.9799343401924944,-0.24626927152317882,0.19905599999999998,,0.0,0.4088959997431942,3.813898254668117,151.0,151.0,151.0
pce24__RESP__trials_concat,,0.04567078972407231,5.0,4.0,1.3,0.25625518831700433,1.374345,0.48239771646051377,0.9824475646292542,0.023508233111322552,0.7336233333333333,12.25,0.45670789724072314,0.3595950919812445,3.9155192302720465,1051.0,307.0,6.0
pce25__ECG__rest1,,0.006622516556291391,1.0,1.0,0.8888888888888888,0.2584371935909972,1.060015,0.45695364238410596,0.9503220129571156,0.00743066225165563,0.48471499999999995,,0.0,0.406082710481775,3.8989610559528733,151.0,151.0,151.0
pce25__ECG__trials_concat,,0.21408182683158897,14.0,8.0,1.44,0.4117698997527285,1.712997,0.5461465271170314,0.9710306701431317,0.04529907516650808,0.8463006666666666,21.7,1.141769743101808,0.5370719783794607,4.028828699177419,1051.0,1051.0,3.0
pce25__EDA__rest1,,0.5629139072847682,5.0,10.0,0.6031746031746031,0.30014080779092367,1.296209,0.07947019867549669,0.9869480357775735,0.4889554701986755,0.8864466666666666,27.666666666666668,1.9867549668874174,0.5272436605653401,3.9318972344975887,18.0,26.0,8.0
pce25__EDA__trials_concat,,0.21408182683158897,11.0,10.0,2.85,0.5144211486948392,1.9653070000000001,0.4785918173168411,0.9864997645143724,0.015296230256898176,0.9839089999999999,22.2,1.141769743101808,0.48766119802641655,4.17737578689743,183.0,2.0,8.0
pce25__RESP__rest1,,0.0,0.0,0.0,,0.3352749128672909,1.2000199999999999,0.7748344370860927,0.9894981322101197,-0.3205402980132451,0.38272933333333325,,0.0,0.6001338258873047,3.9825190113829905,151.0,151.0,151.0
pce25__RESP__trials_concat,,0.03330161750713606,5.0,2.0,3.909090909090909,0.32249292699406207,1.606194,0.6317792578496669,0.9855795829494414,-0.11933292768791626,0.807075,14.0,0.22835394862036157,0.40324995657640267,3.986199978505319,1051.0,3.0,7.0
pce26__EDA__rest1,,0.0,0.0,0.0,,0.24071865806098133,0.8818410000000001,0.6595744680851063,0.9692907510885639,-0.1076668085106383,0.3328663333333333,,0.0,0.53931872540078,4.078820828232216,141.0,141.0,141.0
pce26__EDA__trials_concat,,0.3111322549952426,15.0,9.0,0.5294117647058824,0.5582864385686144,1.969351,0.42150333016175073,0.9915613275335959,0.12162018458610846,0.9862456666666666,30.272727272727273,1.2559467174119887,0.5670506262453093,4.237224193312639,668.0,157.0,31.0
pce26__RESP__rest1,,0.0,0.0,0.0,,0.27213279268765844,0.9828809999999999,0.5602836879432624,0.9898066107189101,-0.10531939716312058,0.3620243333333333,,0.0,0.5853304214014182,4.086279976812602,141.0,141.0,141.0
pce26__RESP__trials_concat,,0.025689819219790674,4.0,3.0,1.7142857142857142,0.2082197860682853,1.106694,0.42721217887725976,0.975642073619386,0.0496729933396765,0.6625586666666666,7.333333333333333,0.3425309229305424,0.40244877266277596,3.901631965848669,1051.0,421.0,5.0
pce27__ECG__rest1,,0.0,0.0,0.0,,0.20694451648662557,1.1557899999999999,0.5099337748344371,0.9575106852430529,-0.027100311258278137,0.4350013333333333,,0.0,0.272255253959432,3.6561091717924206,151.0,151.0,151.0
pce27__ECG__trials_concat,,0.12654614652711704,11.0,8.0,1.8,0.35666822738594145,1.761867,0.3615604186489058,0.9640387373656649,0.10220535870599429,0.8953283333333333,14.333333333333334,1.027592768791627,0.39199325399862467,4.007055178076185,1051.0,379.0,10.0
pce27__EDA__rest1,,0.2119205298013245,2.0,3.0,0.14285714285714285,0.2097981612108571,0.9312520000000001,0.046357615894039736,0.961970791914754,0.3070039867549669,0.7482813333333332,14.5,1.589403973509934,0.48808830672108977,4.041888527844334,25.0,1.0,12.0
pce27__EDA__trials_concat,,0.26736441484300666,11.0,8.0,0.07142857142857142,0.444875268468259,1.765131,0.4253092293054234,0.9894605693519851,0.1459606422454805,0.9818339999999999,39.57142857142857,0.7992388201712655,0.5089643935965974,4.1452691684414935,506.0,181.0,32.0
pce27__RESP__rest1,,0.0,0.0,0.0,,0.10710996267453775,0.426356,0.09271523178807947,0.935564026793721,0.14045255629139075,0.36968399999999996,,0.0,0.51384227460623,4.067834364065886,151.0,151.0,151.0
pce27__RESP__trials_concat,,0.058991436726926735,6.0,4.0,0.6666666666666666,0.2714819720130875,1.347167,0.4900095147478592,0.980483565829739,0.030131124643196953,0.709812,15.75,0.45670789724072314,0.4349929077379633,3.985475436922361,1051.0,4.0,12.0
pce28__ECG__rest1,,0.0728476821192053,1.0,2.0,0.5789473684210527,0.253494544637891,1.065086,0.5231788079470199,0.9695836922574528,0.030411258278145697,0.6230086666666665,12.0,0.794701986754967,0.45734648916138276,4.041977379298095,54.0,1.0,2.0
pce28__ECG__trials_concat,,0.10941960038058991,10.0,7.0,0.56,0.34094647062282735,1.709626,0.3882017126546147,0.9560482176889527,0.05933331493815414,0.8124506666666667,18.0,0.570884871550904,0.3477157297692756,3.9331641646253037,1051.0,60.0,29.0
pce28__EDA__rest1,,0.013245033112582781,1.0,1.0,11.0,0.2025725313492811,1.013971,0.6556291390728477,0.9200530003064074,-0.06930894701986753,0.509087,,0.0,0.5105964801403731,3.5984882212221416,151.0,151.0,1.0
pce28__EDA__trials_concat,,0.37773549000951473,15.0,10.0,1.8333333333333333,0.40755714912021296,1.6039189999999999,0.23977164605137963,0.9840064252832795,0.3466052302568982,0.9657556666666666,32.0,1.3701236917221695,0.5512531831144334,4.008153320740854,1051.0,4.0,19.0
pce28__RESP__rest1,,0.0,0.0,0.0,,0.1984713120232429,0.967111,0.4966887417218543,0.9595227524548927,-0.019486225165562917,0.3432533333333333,,0.0,0.4432895931046366,3.881992547562287,151.0,151.0,151.0
pce28__RESP__trials_concat,,0.0,0.0,0.0,,0.1574550708761358,0.903602,0.4519505233111323,0.9493348500901653,0.021667686964795433,0.461086,,0.0,0.34807793060328895,3.8128623281779928,1051.0,1051.0,1051.0
pce29__ECG__rest1,,0.06622516556291391,2.0,2.0,1.9523809523809523,0.31867827797246645,1.1543809999999999,0.4304635761589404,0.9828097048133384,0.010859304635761596,0.5548673333333334,6.0,0.794701986754967,0.5208660525940291,4.140352958389253,42.0,13.0,5.0
pce29__ECG__trials_concat,,0.06374881065651761,11.0,6.0,10.88888888888889,0.34960368688627025,1.585903,0.4605137963843958,0.9755813861200567,0.005266364414843011,0.7630293333333332,9.4,0.570884871550904,0.44960193922559377,4.079798743300474,1051.0,130.0,6.0
pce29__EDA__rest1,,0.026490066225165563,1.0,1.0,0.25,0.2507227257890457,1.475222,0.8079470198675497,0.947292873491757,-0.16111374834437087,0.6426126666666666,4.0,0.794701986754967,0.3581005156575188,3.63451847226615,151.0,1.0,2.0
pce29__EDA__trials_concat,,0.2588011417697431,10.0,10.0,0.1782178217821782,0.4224127873226316,1.685786,0.3720266412940057,0.982960663505195,0.17783368125594673,0.9402809999999999,26.4,1.141769743101808,0.5193901722566286,4.128509400447314,1051.0,71.0,31.0
pce29__RESP__rest1,,0.12582781456953643,1.0,3.0,0.6923076923076923,0.284547746662689,1.053728,0.3841059602649007,0.9861202050763443,0.07515623178807944,0.5777636666666667,22.0,0.794701986754967,0.4481544812471261,4.011561233976715,75.0,151.0,5.0
pce29__RESP__trials_concat,,0.0009514747859181732,1.0,1.0,1.1538461538461537,0.16043428056922307,0.9606429999999999,0.5252140818268316,0.9455431966551839,-0.004433600380589914,0.46407433333333326,,0.0,0.34703935010847287,3.765800030945992,1051.0,1051.0,1051.0
pce30__ECG__rest1,,0.0,0.0,0.0,,0.16233488284186773,0.735006,0.5099337748344371,0.9422324660266372,-0.019684384105960268,0.34742633333333334,,0.0,0.33649088875040983,3.901316423485185,151.0,151.0,151.0
pce30__ECG__trials_concat,,0.015223596574690771,4.0,2.0,2.6666666666666665,0.2607255723623862,1.486928,0.6327307326355851,0.9682458799140253,-0.06597657849666984,0.7789969999999999,11.0,0.11417697431018078,0.3636069167385904,3.7462775881265764,1051.0,1.0,7.0
pce30__EDA__rest1,,0.059602649006622516,1.0,1.0,0.3220338983050847,0.35689755492809905,1.408673,0.48344370860927155,0.9898898637619686,-0.0708819867549669,0.6126156666666667,6.0,0.794701986754967,0.512364720022841,3.92615969580607,15.0,2.0,3.0
pce30__EDA__trials_concat,,0.0028544243577545195,1.0,1.0,1.4444444444444444,0.36855430439151476,1.5614590000000002,0.8068506184586108,0.9805565638805055,-0.323326515699334,0.538539,2.0,0.11417697431018078,0.46367152503374615,4.139831391202776,1051.0,1051.0,1.0
pce30__RESP__rest1,,0.0,0.0,0.0,,0.063820117047014,0.339878,0.7748344370860927,0.676599735720769,-0.05199213907284768,0.07303,,0.0,0.3380156997407218,3.8454957821127764,151.0,151.0,151.0
pce30__RESP__trials_concat,,0.0,0.0,0.0,,0.19489703814521106,1.079966,0.4871550903901047,0.972237707070454,0.003912890580399617,0.451751,,0.0,0.35947674864020435,3.869285676661223,1051.0,1051.0,1051.0
pce32__EDA__rest1,,0.23178807947019867,3.0,5.0,0.11764705882352941,0.3508805377587046,1.370388,0.2582781456953642,0.973734158046973,0.2405781523178808,0.753994,13.333333333333334,2.384105960264901,0.5741797038607117,3.9699817381548144,88.0,151.0,9.0
pce32__EDA__trials_concat,,0.17602283539486205,12.0,6.0,0.6826923076923077,0.541929599248345,1.996723,0.6146527117031398,0.9905359876716727,-0.11472999714557564,0.9986799999999999,17.3,1.141769743101808,0.4896404216077029,4.161848084519162,289.0,178.0,32.0
pce32__RESP__rest1,,0.0,0.0,0.0,,0.16345063283011685,0.671397,0.9337748344370861,0.9678998221958969,-0.20868876158940397,0.06690733333333333,,0.0,0.4855038714069812,4.019348244426741,151.0,151.0,151.0
pce32__RESP__trials_concat,,0.06850618458610847,9.0,6.0,0.37209302325581395,0.3750047857330318,1.761663,0.5585156993339676,0.9918935367186227,-0.054426745004757374,0.869092,11.333333333333334,0.6850618458610848,0.4312165787021055,4.067643157126536,1051.0,911.0,9.0
