epoch_duration,n_epochs,seed,noise_sigma,onset_threshold,onset_threshold_mode,c_high,c_low,expected_dwell,expected_switching_rate,expected_mean_sync,n_wcc_samples,peak_amplitude,dwell_time,switching_rate,mean_synchrony,onset_latency,rise_time,recovery_time,synchrony_entropy,bimodality_coefficient,fraction_above_threshold,inter_peak_cv,first_peak_time,onset_latency_imputed,rise_time_imputed,recovery_time_imputed,onset_defined,rise_defined,recovery_defined
15.0,2,2000,0.3,0.5,fixed,0.8,0.15,15.0,2.0,0.47500000000000003,593,0.9475165403408645,4.684210526315789,3.7436762225969646,0.025873046941320307,29.0,,6.0,4.103163887393735,0.44777890999290443,0.15345699831365936,1.0643208852492598,31.0,29.0,30.0,6.0,1.0,0.0,1.0
15.0,2,2001,0.3,0.5,fixed,0.8,0.15,15.0,2.0,0.47500000000000003,593,0.8791964743033698,4.368421052631579,3.7436762225969646,0.0821401887223701,16.0,4.0,3.0,4.10816682427496,0.4757835023228373,0.163575042158516,1.1915930703678126,4.0,16.0,4.0,3.0,1.0,1.0,1.0
15.0,2,2002,0.3,0.5,fixed,0.8,0.15,15.0,2.0,0.47500000000000003,593,0.9524727623956144,5.235294117647059,3.338954468802698,0.09283788574321857,28.0,,2.0,4.1227813911192746,0.42877230759011753,0.16526138279932545,1.2128010268135785,28.0,28.0,30.0,2.0,1.0,0.0,1.0
15.0,2,2003,0.3,0.5,fixed,0.8,0.15,15.0,2.0,0.47500000000000003,593,0.9521453519686061,4.588235294117647,3.338954468802698,0.04430106112429543,26.0,2.0,5.0,4.084895051986988,0.43071937912734054,0.13490725126475547,1.169299090060198,3.0,26.0,2.0,5.0,1.0,1.0,1.0
15.0,2,2004,0.3,0.5,fixed,0.8,0.15,15.0,2.0,0.47500000000000003,593,0.922368408700577,4.2727272727272725,4.350758853288364,0.09253523257803625,25.0,2.0,7.0,4.101358383126834,0.4387711868948755,0.16694772344013492,1.127575044937899,2.0,25.0,2.0,7.0,1.0,1.0,1.0
15.0,2,2005,0.3,0.5,fixed,0.8,0.15,15.0,2.0,0.47500000000000003,593,0.988202208345252,4.1923076923076925,5.059021922428331,0.11335106502627583,30.0,,8.0,4.040554586173783,0.49410168394468296,0.1973018549747049,1.0796037324189025,21.0,30.0,30.0,8.0,1.0,0.0,1.0
15.0,2,2006,0.3,0.5,fixed,0.8,0.15,15.0,2.0,0.47500000000000003,593,0.9153700218442905,4.055555555555555,3.642495784148398,0.0380100414360534,2.0,1.0,3.0,4.096195444130131,0.4413147412389603,0.12478920741989882,1.102669469089252,7.0,2.0,1.0,3.0,1.0,1.0,1.0
15.0,2,2007,0.3,0.5,fixed,0.8,0.15,15.0,2.0,0.47500000000000003,593,0.9480087950769837,4.4,2.9342327150084317,0.07685357448131809,26.0,,3.0,4.008112155844541,0.3797725495629225,0.12310286677908938,1.2795061022810104,28.0,26.0,30.0,3.0,1.0,0.0,1.0
15.0,2,2008,0.3,0.5,fixed,0.8,0.15,15.0,2.0,0.47500000000000003,593,0.9254801121906037,3.857142857142857,4.148397976391231,0.05642696853435144,17.0,,6.0,4.176847336026951,0.4349380728733437,0.13490725126475547,1.0567787784876301,18.0,17.0,30.0,6.0,1.0,0.0,1.0
15.0,2,2009,0.3,0.5,fixed,0.8,0.15,15.0,2.0,0.47500000000000003,593,0.922331250260609,4.476190476190476,4.148397976391231,0.08963552895361214,12.0,,4.0,4.099352438891065,0.4249059952553075,0.16188870151770657,1.4526679660081503,12.0,12.0,30.0,4.0,1.0,0.0,1.0
15.0,2,2010,0.3,0.5,fixed,0.8,0.15,15.0,2.0,0.47500000000000003,593,0.9685113116790234,5.684210526315789,3.7436762225969646,0.11705057357767211,25.0,4.0,4.0,4.1355593336062935,0.4453509614156192,0.19561551433389546,1.0660554378223301,12.0,25.0,4.0,4.0,1.0,1.0,1.0
15.0,2,2011,0.3,0.5,fixed,0.8,0.15,15.0,2.0,0.47500000000000003,593,0.9438586985910828,6.2,2.9342327150084317,0.07292530836745979,5.0,,5.0,4.087014992522993,0.4386195902053234,0.16526138279932545,1.60855719295892,7.0,5.0,30.0,5.0,1.0,0.0,1.0
15.0,2,2012,0.3,0.5,fixed,0.8,0.15,15.0,2.0,0.47500000000000003,593,0.9921167681430265,4.904761904761905,4.0472175379426645,0.1047672624353051,27.0,,8.0,4.089075111122618,0.4286964437359275,0.1736930860033727,1.4331025819711924,32.0,27.0,30.0,8.0,1.0,0.0,1.0
15.0,2,2013,0.3,0.5,fixed,0.8,0.15,15.0,2.0,0.47500000000000003,593,0.9449020431385857,4.8,3.946037099494098,0.05308097450869927,27.0,4.0,4.0,4.130103507798069,0.4560468295617122,0.17200674536256325,1.039895509029845,5.0,27.0,4.0,4.0,1.0,1.0,1.0
15.0,2,2014,0.3,0.5,fixed,0.8,0.15,15.0,2.0,0.47500000000000003,593,0.966048893624719,4.25,3.136593591905565,-0.0019282008852918714,24.0,,4.0,4.097924098072722,0.4335054856959046,0.12310286677908938,1.1320534597004503,7.0,24.0,30.0,4.0,1.0,0.0,1.0
15.0,2,2015,0.3,0.5,fixed,0.8,0.15,15.0,2.0,0.47500000000000003,593,0.9247180017016734,4.105263157894737,3.7436762225969646,0.05538422136508049,28.0,,6.0,4.088265891200251,0.40511318583488676,0.1467116357504216,1.126554274395957,17.0,28.0,30.0,6.0,1.0,0.0,1.0
15.0,2,2016,0.3,0.5,fixed,0.8,0.15,15.0,2.0,0.47500000000000003,593,0.9208702679273413,4.333333333333333,2.833052276559865,0.01509660110619196,29.0,,7.0,4.09470190456698,0.4212798853212833,0.11467116357504216,1.0649288237091699,30.0,29.0,30.0,7.0,1.0,0.0,1.0
15.0,2,2017,0.3,0.5,fixed,0.8,0.15,15.0,2.0,0.47500000000000003,593,0.9456486006541504,5.761904761904762,4.148397976391231,0.14219894316040746,18.0,,3.0,4.070387832674376,0.429252245585503,0.20404721753794267,1.2783308015764876,18.0,18.0,30.0,3.0,1.0,0.0,1.0
15.0,2,2018,0.3,0.5,fixed,0.8,0.15,15.0,2.0,0.47500000000000003,593,0.9103429085222536,5.2727272727272725,4.350758853288364,0.11792453738827749,16.0,,8.0,4.1528924270643355,0.4568487673679088,0.20067453625632378,1.2587589507229089,11.0,16.0,30.0,8.0,1.0,0.0,1.0
15.0,2,2019,0.3,0.5,fixed,0.8,0.15,15.0,2.0,0.47500000000000003,593,0.9513853802017778,4.6,3.946037099494098,0.09874340212592252,21.0,,5.0,4.061776448111412,0.3949336325981879,0.16526138279932545,1.2262243856187105,22.0,21.0,30.0,5.0,1.0,0.0,1.0
15.0,2,2020,0.3,0.5,fixed,0.8,0.15,15.0,2.0,0.47500000000000003,593,0.9523628391858399,5.5625,3.136593591905565,0.04705407472333569,27.0,,5.0,4.1376784653491825,0.3951641733748551,0.1551433389544688,1.1226319544079217,16.0,27.0,30.0,5.0,1.0,0.0,1.0
15.0,2,2021,0.3,0.5,fixed,0.8,0.15,15.0,2.0,0.47500000000000003,593,0.8966227017888008,6.125,3.136593591905565,0.06326338478692985,28.0,5.0,5.0,4.131691985802054,0.43083280176926086,0.15851602023608768,1.45087052551781,12.0,28.0,5.0,5.0,1.0,1.0,1.0
15.0,2,2022,0.3,0.5,fixed,0.8,0.15,15.0,2.0,0.47500000000000003,593,0.9129854834120257,5.277777777777778,3.5413153456998314,0.07040173124098567,33.0,3.0,3.0,4.160210063658007,0.44746177035918355,0.17200674536256325,1.0621289534854983,3.0,33.0,3.0,3.0,1.0,1.0,1.0
15.0,2,2023,0.3,0.5,fixed,0.8,0.15,15.0,2.0,0.47500000000000003,593,0.8654055491929812,3.8636363636363638,4.350758853288364,0.06398067253496713,6.0,,3.0,4.0947400803580924,0.4472673048313812,0.1551433389544688,0.880518292453382,8.0,6.0,30.0,3.0,1.0,0.0,1.0
15.0,2,2024,0.3,0.5,fixed,0.8,0.15,15.0,2.0,0.47500000000000003,593,0.9049122050800564,5.142857142857143,2.7318718381112985,0.007098291064306651,19.0,,7.0,4.140006216402833,0.4376322613163402,0.12478920741989882,1.1840199221349557,19.0,19.0,30.0,7.0,1.0,0.0,1.0
15.0,2,2025,0.3,0.5,fixed,0.8,0.15,15.0,2.0,0.47500000000000003,593,0.9630479702776601,4.625,3.0354131534569984,0.029980276300259866,31.0,,4.0,4.1156302626438945,0.4240579899076077,0.1315345699831366,1.2944585901604055,4.0,31.0,30.0,4.0,1.0,0.0,1.0
15.0,2,2026,0.3,0.5,fixed,0.8,0.15,15.0,2.0,0.47500000000000003,593,0.9511405606322973,6.9375,3.136593591905565,0.06950193334781245,28.0,1.0,3.0,4.095875651409109,0.4360919826862188,0.19224283305227655,1.4964912788016242,29.0,28.0,1.0,3.0,1.0,1.0,1.0
15.0,2,2027,0.3,0.5,fixed,0.8,0.15,15.0,2.0,0.47500000000000003,593,0.9665019618001554,4.428571428571429,2.630691399662732,0.08426244310549878,28.0,3.0,5.0,3.9467152543307957,0.35856735367223336,0.10961214165261383,0.9505867055848847,6.0,28.0,3.0,5.0,1.0,1.0,1.0
15.0,2,2028,0.3,0.5,fixed,0.8,0.15,15.0,2.0,0.47500000000000003,593,0.8613462839288746,5.105263157894737,3.7436762225969646,0.07353893251124975,6.0,,2.0,4.0231194867550455,0.40218864479417976,0.1551433389544688,1.0687734849403185,6.0,6.0,30.0,2.0,1.0,0.0,1.0
15.0,2,2029,0.3,0.5,fixed,0.8,0.15,15.0,2.0,0.47500000000000003,593,0.9367766454034407,5.647058823529412,3.440134907251265,0.07155519304419446,23.0,4.0,7.0,4.102666712583392,0.44412008141996123,0.17200674536256325,1.451593224619343,2.0,23.0,4.0,7.0,1.0,1.0,1.0
15.0,4,2000,0.3,0.5,fixed,0.8,0.15,15.0,2.0,0.47500000000000003,593,0.9696632377514202,5.842105263157895,3.7436762225969646,0.06015277888087106,29.0,,6.0,4.147194507718895,0.46246136232920976,0.18887015177065766,1.1541652572477503,31.0,29.0,30.0,6.0,1.0,0.0,1.0
15.0,4,2001,0.3,0.5,fixed,0.8,0.15,15.0,2.0,0.47500000000000003,593,0.9390897532899234,5.888888888888889,3.5413153456998314,0.1236936268523296,16.0,4.0,3.0,4.033462045671672,0.466491446161828,0.20404721753794267,1.2693158750672247,4.0,16.0,4.0,3.0,1.0,1.0,1.0
15.0,4,2002,0.3,0.5,fixed,0.8,0.15,15.0,2.0,0.47500000000000003,593,0.9770343196076385,7.133333333333334,2.9342327150084317,0.12472749789088541,28.0,,6.0,4.15865871266013,0.4457660040059732,0.19561551433389546,1.2877558377661922,28.0,28.0,30.0,6.0,1.0,0.0,1.0
15.0,4,2003,0.3,0.5,fixed,0.8,0.15,15.0,2.0,0.47500000000000003,593,0.952145351968605,5.473684210526316,3.7436762225969646,0.08466678854957803,26.0,2.0,5.0,4.129132502552927,0.4534977045789012,0.178752107925801,1.095837504960524,3.0,26.0,2.0,5.0,1.0,1.0,1.0
15.0,4,2004,0.3,0.5,fixed,0.8,0.15,15.0,2.0,0.47500000000000003,593,0.9223684087005768,4.708333333333333,4.755480607082631,0.13249215267262598,25.0,2.0,7.0,4.126418790272076,0.43695170283173146,0.20404721753794267,1.1381552331165994,2.0,25.0,2.0,7.0,1.0,1.0,1.0
15.0,4,2005,0.3,0.5,fixed,0.8,0.15,15.0,2.0,0.47500000000000003,593,0.9882022083452519,4.964285714285714,5.463743676222597,0.1598341008615728,30.0,,8.0,4.106001374053175,0.4907145167153212,0.24451939291736932,1.1187128434366096,21.0,30.0,30.0,8.0,1.0,0.0,1.0
15.0,4,2006,0.3,0.5,fixed,0.8,0.15,15.0,2.0,0.47500000000000003,593,0.9153700218442903,4.761904761904762,4.249578414839798,0.08596382264349742,2.0,1.0,3.0,4.138887066246284,0.4537955044198147,0.1703204047217538,1.0675652063611512,7.0,2.0,1.0,3.0,1.0,1.0,1.0
15.0,4,2007,0.3,0.5,fixed,0.8,0.15,15.0,2.0,0.47500000000000003,593,0.9834461935152226,6.928571428571429,2.7318718381112985,0.12633300731297256,26.0,,2.0,4.066308538101894,0.4060911330839971,0.17537942664418213,1.4906616186972996,28.0,26.0,30.0,2.0,1.0,0.0,1.0
15.0,4,2008,0.3,0.5,fixed,0.8,0.15,15.0,2.0,0.47500000000000003,593,0.9254801121906033,4.545454545454546,4.350758853288364,0.09957365864265168,17.0,,6.0,4.17349118032522,0.43270568467445086,0.16694772344013492,1.023060595226452,18.0,17.0,30.0,6.0,1.0,0.0,1.0
15.0,4,2009,0.3,0.5,fixed,0.8,0.15,15.0,2.0,0.47500000000000003,593,0.9361077446961953,5.3478260869565215,4.5531197301854975,0.14135119751606423,12.0,,7.0,4.113397679197961,0.43823083446080074,0.21079258010118043,1.0410078472477324,12.0,12.0,30.0,7.0,1.0,0.0,1.0
15.0,4,2010,0.3,0.5,fixed,0.8,0.15,15.0,2.0,0.47500000000000003,593,0.9685113116790265,7.444444444444445,3.5413153456998314,0.16245507902180503,25.0,4.0,4.0,4.185895246379646,0.46454958098923826,0.23777403035413153,1.128480291628986,12.0,25.0,4.0,4.0,1.0,1.0,1.0
15.0,4,2011,0.3,0.5,fixed,0.8,0.15,15.0,2.0,0.47500000000000003,593,0.9438586985910842,7.8,2.9342327150084317,0.11604298044654679,5.0,,5.0,4.114247818395685,0.44707579529245234,0.20404721753794267,1.5523954556294361,7.0,5.0,30.0,5.0,1.0,0.0,1.0
15.0,4,2012,0.3,0.5,fixed,0.8,0.15,15.0,2.0,0.47500000000000003,593,0.9921167681430262,6.2272727272727275,4.249578414839798,0.15642030867166312,27.0,,8.0,4.147391572055608,0.44192170339983355,0.2327150084317032,1.6130182729732805,32.0,27.0,30.0,8.0,1.0,0.0,1.0
15.0,4,2013,0.3,0.5,fixed,0.8,0.15,15.0,2.0,0.47500000000000003,593,0.9449020431385855,5.95,3.946037099494098,0.09712516356513488,27.0,4.0,4.0,4.165305076733687,0.45309230621917845,0.209106239460371,1.1137070078753912,5.0,27.0,4.0,4.0,1.0,1.0,1.0
15.0,4,2014,0.3,0.5,fixed,0.8,0.15,15.0,2.0,0.47500000000000003,593,0.9660488936247189,5.9411764705882355,3.338954468802698,0.04673453722048191,24.0,,4.0,4.1758580557957234,0.4567954761622519,0.1736930860033727,1.3595485799454312,7.0,24.0,30.0,4.0,1.0,0.0,1.0
15.0,4,2015,0.3,0.5,fixed,0.8,0.15,15.0,2.0,0.47500000000000003,593,0.9441875776557738,5.1,3.946037099494098,0.09852936451731158,28.0,,10.0,4.119446718741429,0.41036298286670403,0.18549747048903878,1.1463761753695563,17.0,28.0,30.0,10.0,1.0,0.0,1.0
15.0,4,2016,0.3,0.5,fixed,0.8,0.15,15.0,2.0,0.47500000000000003,593,0.9552972866908144,5.294117647058823,3.2377740303541316,0.05398766261214639,29.0,,5.0,4.143489446915559,0.43557169433072496,0.15682967959527824,1.2239104579390694,30.0,29.0,30.0,5.0,1.0,0.0,1.0
15.0,4,2017,0.3,0.5,fixed,0.8,0.15,15.0,2.0,0.47500000000000003,593,0.949763309126842,7.285714285714286,4.148397976391231,0.18206200038442952,18.0,,2.0,4.0963044108121744,0.44916677500477004,0.25463743676222594,1.415221426979777,18.0,18.0,30.0,2.0,1.0,0.0,1.0
15.0,4,2018,0.3,0.5,fixed,0.8,0.15,15.0,2.0,0.47500000000000003,593,0.9309605935152694,5.608695652173913,4.5531197301854975,0.15189883490480338,16.0,,3.0,4.156826118765951,0.45110949166488995,0.224283305227656,1.217071208851879,11.0,16.0,30.0,3.0,1.0,0.0,1.0
15.0,4,2019,0.3,0.5,fixed,0.8,0.15,15.0,2.0,0.47500000000000003,593,0.9513853802017758,5.545454545454546,4.350758853288364,0.13333706024112274,21.0,,5.0,4.1330122659140045,0.4274627028320085,0.2175379426644182,1.3573000895562015,22.0,21.0,30.0,5.0,1.0,0.0,1.0
15.0,4,2020,0.3,0.5,fixed,0.8,0.15,15.0,2.0,0.47500000000000003,593,0.9590273117922793,7.176470588235294,3.338954468802698,0.09415263011958014,27.0,,5.0,4.163659683066148,0.41685191380429465,0.20067453625632378,1.3317422364454912,16.0,27.0,30.0,5.0,1.0,0.0,1.0
15.0,4,2021,0.3,0.5,fixed,0.8,0.15,15.0,2.0,0.47500000000000003,593,0.9607736483988968,7.235294117647059,3.338954468802698,0.11214400102886259,28.0,8.0,11.0,4.178249989407282,0.42869835218119734,0.20067453625632378,1.55618872291361,12.0,28.0,8.0,11.0,1.0,1.0,1.0
15.0,4,2022,0.3,0.5,fixed,0.8,0.15,15.0,2.0,0.47500000000000003,593,0.9657351508922781,6.052631578947368,3.7436762225969646,0.10047511258092397,33.0,3.0,3.0,4.191997145608143,0.4469682257313413,0.20404721753794267,1.0761125874533035,3.0,33.0,3.0,3.0,1.0,1.0,1.0
15.0,4,2023,0.3,0.5,fixed,0.8,0.15,15.0,2.0,0.47500000000000003,593,0.9243656820177326,4.7727272727272725,4.350758853288364,0.09905726131480214,6.0,,2.0,4.113980021068471,0.45241083220174466,0.18718381112984822,0.8305760097484198,8.0,6.0,30.0,2.0,1.0,0.0,1.0
15.0,4,2024,0.3,0.5,fixed,0.8,0.15,15.0,2.0,0.47500000000000003,593,0.9049122050800565,6.6,2.9342327150084317,0.05900753817374419,19.0,,7.0,4.215189712046957,0.45835622943213544,0.17200674536256325,1.278526535671043,19.0,19.0,30.0,7.0,1.0,0.0,1.0
15.0,4,2025,0.3,0.5,fixed,0.8,0.15,15.0,2.0,0.47500000000000003,593,0.9668280398301047,5.5,3.440134907251265,0.08392173094719094,31.0,,3.0,4.148787500981489,0.425664210615714,0.1703204047217538,1.3915021438429915,4.0,31.0,30.0,3.0,1.0,0.0,1.0
15.0,4,2026,0.3,0.5,fixed,0.8,0.15,15.0,2.0,0.47500000000000003,593,0.9818637788629493,7.470588235294118,3.338954468802698,0.09645774623547,28.0,1.0,8.0,4.136550435506252,0.451004666546653,0.22259696458684655,1.573506793316901,29.0,28.0,1.0,8.0,1.0,1.0,1.0
15.0,4,2027,0.3,0.5,fixed,0.8,0.15,15.0,2.0,0.47500000000000003,593,0.9670438278464163,5.333333333333333,2.833052276559865,0.11524651497753628,28.0,3.0,3.0,3.976259414298306,0.37219585864766913,0.14165261382799327,0.9691378914105783,6.0,28.0,3.0,3.0,1.0,1.0,1.0
15.0,4,2028,0.3,0.5,fixed,0.8,0.15,15.0,2.0,0.47500000000000003,593,0.9315560733361916,5.857142857142857,4.148397976391231,0.11858029489573803,6.0,,3.0,4.033274682683049,0.42395528817900674,0.19898819561551434,1.1971514535699683,6.0,6.0,30.0,3.0,1.0,0.0,1.0
15.0,4,2029,0.3,0.5,fixed,0.8,0.15,15.0,2.0,0.47500000000000003,593,0.9367766454034403,6.631578947368421,3.8448566610455313,0.1165091610503169,23.0,4.0,7.0,4.1320526218547995,0.450544333203862,0.21922428330522767,1.4847664357803994,2.0,23.0,4.0,7.0,1.0,1.0,1.0
15.0,8,2000,0.3,0.5,fixed,0.8,0.15,15.0,2.0,0.47500000000000003,593,0.9752228088062567,6.913043478260869,4.5531197301854975,0.16913346932920667,29.0,,8.0,4.138662575071008,0.4905557911274897,0.2715008431703204,1.1012635408610978,31.0,29.0,30.0,8.0,1.0,0.0,1.0
15.0,8,2001,0.3,0.5,fixed,0.8,0.15,15.0,2.0,0.47500000000000003,593,0.9390897532899214,8.45,3.946037099494098,0.23681303911452714,16.0,4.0,3.0,4.03363718918373,0.5044117284963374,0.3086003372681282,1.2649621124782788,4.0,16.0,4.0,3.0,1.0,1.0,1.0
15.0,8,2002,0.3,0.5,fixed,0.8,0.15,15.0,2.0,0.47500000000000003,593,0.977034319607638,10.0,3.136593591905565,0.19954097525495243,28.0,,6.0,4.197397480615276,0.4975140404894583,0.28161888701517707,1.2479499664642535,28.0,28.0,30.0,6.0,1.0,0.0,1.0
15.0,8,2003,0.3,0.5,fixed,0.8,0.15,15.0,2.0,0.47500000000000003,593,0.9812855531426339,6.761904761904762,4.148397976391231,0.16514318041548892,26.0,2.0,5.0,4.137746301572317,0.4629383344292736,0.24451939291736932,1.141471772643764,3.0,26.0,2.0,5.0,1.0,1.0,1.0
15.0,8,2004,0.3,0.5,fixed,0.8,0.15,15.0,2.0,0.47500000000000003,593,0.9746087390546143,6.038461538461538,5.160202360876897,0.1982688792566156,25.0,2.0,4.0,4.144883926132704,0.4591476967708791,0.2765598650927487,1.1465228629948905,2.0,25.0,2.0,4.0,1.0,1.0,1.0
15.0,8,2005,0.3,0.5,fixed,0.8,0.15,15.0,2.0,0.47500000000000003,593,0.9882022083452517,7.708333333333333,4.654300168634064,0.22418535339130347,30.0,,8.0,4.136721494564181,0.5170840501021191,0.31703204047217537,1.2066544662680017,21.0,30.0,30.0,8.0,1.0,0.0,1.0
15.0,8,2006,0.3,0.5,fixed,0.8,0.15,15.0,2.0,0.47500000000000003,593,0.967189942994251,7.318181818181818,4.451939291736931,0.1740788495312639,2.0,2.0,7.0,4.179858714978201,0.47627087697222853,0.26812816188870153,1.3106397817889488,7.0,2.0,2.0,7.0,1.0,1.0,1.0
15.0,8,2007,0.3,0.5,fixed,0.8,0.15,15.0,2.0,0.47500000000000003,593,0.9834461935152259,8.882352941176471,3.338954468802698,0.20510712732581893,26.0,,2.0,4.114225130084771,0.459804421342806,0.26812816188870153,1.2481298390374425,28.0,26.0,30.0,2.0,1.0,0.0,1.0
15.0,8,2008,0.3,0.5,fixed,0.8,0.15,15.0,2.0,0.47500000000000003,593,0.9853558384610818,6.291666666666667,4.755480607082631,0.1691243262566771,17.0,,9.0,4.2273094751834766,0.48608889156847507,0.25295109612141653,1.122993549612666,18.0,17.0,30.0,9.0,1.0,0.0,1.0
15.0,8,2009,0.3,0.5,fixed,0.8,0.15,15.0,2.0,0.47500000000000003,593,0.9361077446961961,6.84,4.957841483979764,0.2086377562377312,12.0,,7.0,4.121063733190023,0.4801488541274637,0.2934232715008432,0.9295304440646445,12.0,12.0,30.0,7.0,1.0,0.0,1.0
15.0,8,2010,0.3,0.5,fixed,0.8,0.15,15.0,2.0,0.47500000000000003,593,0.96851131167902,9.944444444444445,3.5413153456998314,0.23031094874655653,25.0,4.0,4.0,4.18129471250205,0.4974734906989621,0.31197301854974707,1.1545440229053399,12.0,25.0,4.0,4.0,1.0,1.0,1.0
15.0,8,2011,0.3,0.5,fixed,0.8,0.15,15.0,2.0,0.47500000000000003,593,0.961753195870369,10.38888888888889,3.5413153456998314,0.22927213268200172,5.0,,4.0,4.111252483978102,0.49392029423171824,0.3220910623946037,1.7386670074982624,7.0,5.0,30.0,4.0,1.0,0.0,1.0
15.0,8,2012,0.3,0.5,fixed,0.8,0.15,15.0,2.0,0.47500000000000003,593,0.9921167681430255,7.074074074074074,5.261382799325464,0.24127269483222047,27.0,,8.0,4.1165372894682895,0.47249949641506994,0.31703204047217537,1.2270724916561764,32.0,27.0,30.0,8.0,1.0,0.0,1.0
15.0,8,2013,0.3,0.5,fixed,0.8,0.15,15.0,2.0,0.47500000000000003,593,0.944902043138586,7.363636363636363,4.350758853288364,0.16778961716845384,27.0,4.0,4.0,4.195338636499567,0.4920164276909812,0.28161888701517707,1.2558581888587994,5.0,27.0,4.0,4.0,1.0,1.0,1.0
15.0,8,2014,0.3,0.5,fixed,0.8,0.15,15.0,2.0,0.47500000000000003,593,0.9660488936247188,7.684210526315789,3.7436762225969646,0.11374283773370125,24.0,,4.0,4.218290316791808,0.4935564679599532,0.23777403035413153,1.4670582566154702,7.0,24.0,30.0,4.0,1.0,0.0,1.0
15.0,8,2015,0.3,0.5,fixed,0.8,0.15,15.0,2.0,0.47500000000000003,593,0.9681031789605312,7.45,3.946037099494098,0.15511487650381472,28.0,,6.0,4.1675109250955416,0.45868759139630644,0.2563237774030354,1.283999740094241,17.0,28.0,30.0,6.0,1.0,0.0,1.0
15.0,8,2016,0.3,0.5,fixed,0.8,0.15,15.0,2.0,0.47500000000000003,593,0.9798790889231289,8.166666666666666,3.440134907251265,0.15015567387933917,29.0,,5.0,4.218055370420875,0.46801401750496097,0.25126475548060706,1.4211919636134676,30.0,29.0,30.0,5.0,1.0,0.0,1.0
15.0,8,2017,0.3,0.5,fixed,0.8,0.15,15.0,2.0,0.47500000000000003,593,0.9766182991861949,8.869565217391305,4.5531197301854975,0.28187524298693156,18.0,,3.0,4.121917479766832,0.46657577044303267,0.33895446880269814,1.23711223944145,18.0,18.0,30.0,3.0,1.0,0.0,1.0
15.0,8,2018,0.3,0.5,fixed,0.8,0.15,15.0,2.0,0.47500000000000003,593,0.9632983653225498,8.523809523809524,4.148397976391231,0.23332981815202206,16.0,,7.0,4.127566640545062,0.4795869577822389,0.30522765598650925,1.37074237295708,11.0,16.0,30.0,7.0,1.0,0.0,1.0
15.0,8,2019,0.3,0.5,fixed,0.8,0.15,15.0,2.0,0.47500000000000003,593,0.9513853802017774,8.047619047619047,4.148397976391231,0.21184926502094487,21.0,,5.0,4.169119551534385,0.4644567294914878,0.29679595278246207,1.3205988291338469,22.0,21.0,30.0,5.0,1.0,0.0,1.0
15.0,8,2020,0.3,0.5,fixed,0.8,0.15,15.0,2.0,0.47500000000000003,593,0.9603196149177236,9.764705882352942,3.338954468802698,0.16207167025042005,27.0,,6.0,4.206532562149957,0.47113543196169466,0.2782462057335582,1.4433946078204345,16.0,27.0,30.0,6.0,1.0,0.0,1.0
15.0,8,2021,0.3,0.5,fixed,0.8,0.15,15.0,2.0,0.47500000000000003,593,0.9607736483988979,8.947368421052632,3.7436762225969646,0.2075566517243978,28.0,8.0,11.0,4.175468869231651,0.4553321122463692,0.28330522765598654,1.3983825562192143,12.0,28.0,8.0,11.0,1.0,1.0,1.0
15.0,8,2022,0.3,0.5,fixed,0.8,0.15,15.0,2.0,0.47500000000000003,593,0.9782064894798281,8.210526315789474,3.7436762225969646,0.1717715712086775,33.0,7.0,3.0,4.214789363773499,0.4761254238861961,0.27318718381112983,1.1262444989516927,3.0,33.0,7.0,3.0,1.0,1.0,1.0
15.0,8,2023,0.3,0.5,fixed,0.8,0.15,15.0,2.0,0.47500000000000003,593,0.964984332355911,6.782608695652174,4.5531197301854975,0.17657186318214962,6.0,,2.0,4.1614984268102155,0.49101773178725444,0.2748735244519393,0.8947529967906788,8.0,6.0,30.0,2.0,1.0,0.0,1.0
15.0,8,2024,0.3,0.5,fixed,0.8,0.15,15.0,2.0,0.47500000000000003,593,0.9503093601104992,7.947368421052632,3.7436762225969646,0.14063895172322402,19.0,,4.0,4.240096246517723,0.5002146637718534,0.2580101180438449,1.2740057267597977,19.0,19.0,30.0,4.0,1.0,0.0,1.0
15.0,8,2025,0.3,0.5,fixed,0.8,0.15,15.0,2.0,0.47500000000000003,593,0.9668280398301017,7.55,3.8448566610455313,0.16027385953630108,31.0,,3.0,4.18610626866402,0.4722655257959947,0.2596964586846543,1.7080479272327593,4.0,31.0,30.0,3.0,1.0,0.0,1.0
15.0,8,2026,0.3,0.5,fixed,0.8,0.15,15.0,2.0,0.47500000000000003,593,0.9818637788629484,10.25,3.136593591905565,0.16995677576585635,28.0,1.0,8.0,4.129608631330038,0.4828324886150258,0.28836424957841483,1.7778311297178409,29.0,28.0,1.0,8.0,1.0,1.0,1.0
15.0,8,2027,0.3,0.5,fixed,0.8,0.15,15.0,2.0,0.47500000000000003,593,0.9849354792526006,6.2,3.8448566610455313,0.1828264429021251,28.0,3.0,3.0,4.0362535921295155,0.4084485523252031,0.21416526138279932,0.934554391369998,6.0,28.0,3.0,3.0,1.0,1.0,1.0
15.0,8,2028,0.3,0.5,fixed,0.8,0.15,15.0,2.0,0.47500000000000003,593,0.9315560733361912,7.409090909090909,4.350758853288364,0.18966672751746894,6.0,,3.0,4.063667788302322,0.4522034368202197,0.2715008431703204,1.278151271822119,6.0,6.0,30.0,3.0,1.0,0.0,1.0
15.0,8,2029,0.3,0.5,fixed,0.8,0.15,15.0,2.0,0.47500000000000003,593,0.9654280945520399,9.1,4.0472175379426645,0.20080270988064763,23.0,4.0,8.0,4.13307345869821,0.4979708643691264,0.31534569983136596,1.3506100507867425,2.0,23.0,4.0,8.0,1.0,1.0,1.0
30.0,2,2000,0.3,0.5,fixed,0.8,0.15,30.0,1.0,0.47500000000000003,586,0.9343151684587804,16.4,0.9215017064846416,0.0790843209289839,51.0,,7.0,4.029113864595014,0.42920916581580726,0.12627986348122866,2.190181447427639,53.0,51.0,30.0,7.0,1.0,0.0,1.0
30.0,2,2001,0.3,0.5,fixed,0.8,0.15,30.0,1.0,0.47500000000000003,586,0.9368462465054764,19.0,0.5119453924914675,0.10065573003040694,49.0,2.0,8.0,3.9161385062753156,0.4214273140138188,0.09726962457337884,1.764486341315863,49.0,49.0,2.0,8.0,1.0,1.0,1.0
30.0,2,2002,0.3,0.5,fixed,0.8,0.15,30.0,1.0,0.47500000000000003,586,0.9438162388840432,15.5,0.7167235494880545,0.129255308027382,43.0,,7.0,3.851454618169917,0.4955540124389402,0.10580204778156997,1.706839589644151,48.0,43.0,30.0,7.0,1.0,0.0,1.0
30.0,2,2003,0.3,0.5,fixed,0.8,0.15,30.0,1.0,0.47500000000000003,586,0.9227573621051839,16.0,0.7167235494880545,0.1080495053683286,54.0,,11.0,4.084287678480262,0.38879938595890196,0.11945392491467577,1.674746387771118,57.0,54.0,30.0,11.0,1.0,0.0,1.0
30.0,2,2004,0.3,0.5,fixed,0.8,0.15,30.0,1.0,0.47500000000000003,586,0.9359745444868393,11.5,1.5358361774744027,0.14670940691765097,51.0,,5.0,3.9351102677425485,0.4472424300704442,0.16723549488054607,1.8921274991686357,52.0,51.0,30.0,5.0,1.0,0.0,1.0
30.0,2,2005,0.3,0.5,fixed,0.8,0.15,30.0,1.0,0.47500000000000003,586,0.9413428409803336,12.428571428571429,1.228668941979522,0.13053741011871256,49.0,,18.0,4.05109770689674,0.4137664697298551,0.15358361774744028,2.018822067668625,52.0,49.0,30.0,18.0,1.0,0.0,1.0
30.0,2,2006,0.3,0.5,fixed,0.8,0.15,30.0,1.0,0.47500000000000003,586,0.8667429302252717,10.142857142857142,1.3310580204778155,0.0858605977145814,58.0,,4.0,4.0388259268179825,0.3910905752766637,0.11774744027303755,1.9049777604690474,59.0,58.0,30.0,4.0,1.0,0.0,1.0
30.0,2,2007,0.3,0.5,fixed,0.8,0.15,30.0,1.0,0.47500000000000003,586,0.9427821554111608,11.833333333333334,1.1262798634812285,0.1310545398819351,53.0,,17.0,3.8605039327371933,0.4271959501308436,0.11262798634812286,1.6763419905066514,55.0,53.0,30.0,17.0,1.0,0.0,1.0
30.0,2,2008,0.3,0.5,fixed,0.8,0.15,30.0,1.0,0.47500000000000003,586,0.8792324169094136,13.5,0.7167235494880545,0.10467339014913589,50.0,,17.0,4.00601162636024,0.3750863017595776,0.09897610921501707,1.082319776522182,52.0,50.0,30.0,17.0,1.0,0.0,1.0
30.0,2,2009,0.3,0.5,fixed,0.8,0.15,30.0,1.0,0.47500000000000003,586,0.9026488725544738,12.5,1.1262798634812285,0.16859320230341768,56.0,,8.0,3.961680400777975,0.4259341526627046,0.12798634812286688,1.519292309889346,64.0,56.0,30.0,8.0,1.0,0.0,1.0
30.0,2,2010,0.3,0.5,fixed,0.8,0.15,30.0,1.0,0.47500000000000003,586,0.9569908952249307,19.4,0.9215017064846416,0.16669186775352043,52.0,4.0,14.0,4.002812875696512,0.4843189700459447,0.1689419795221843,1.5749497808644495,8.0,52.0,4.0,14.0,1.0,1.0,1.0
30.0,2,2011,0.3,0.5,fixed,0.8,0.15,30.0,1.0,0.47500000000000003,586,0.9016823657162973,16.4,0.9215017064846416,0.11135781947528373,40.0,,15.0,3.8898433106376142,0.45333918034492976,0.14505119453924914,2.0729849909543043,41.0,40.0,30.0,15.0,1.0,0.0,1.0
30.0,2,2012,0.3,0.5,fixed,0.8,0.15,30.0,1.0,0.47500000000000003,586,0.9136427495912652,10.75,1.5358361774744027,0.1646638114786631,21.0,,19.0,4.065912182851806,0.39850835669334894,0.14846416382252559,1.7648853035535992,21.0,21.0,30.0,19.0,1.0,0.0,1.0
30.0,2,2013,0.3,0.5,fixed,0.8,0.15,30.0,1.0,0.47500000000000003,586,0.9606119627004986,9.333333333333334,1.1262798634812285,0.09407787980516252,57.0,,8.0,3.9636640263333174,0.38522521609511245,0.10238907849829351,2.395411015000375,60.0,57.0,30.0,8.0,1.0,0.0,1.0
30.0,2,2014,0.3,0.5,fixed,0.8,0.15,30.0,1.0,0.47500000000000003,586,0.8782722581240379,19.0,0.5119453924914675,0.04689309169396942,50.0,,21.0,4.058538052657131,0.43727464354855594,0.11092150170648464,2.0497886417593643,55.0,50.0,30.0,21.0,1.0,0.0,1.0
30.0,2,2015,0.3,0.5,fixed,0.8,0.15,30.0,1.0,0.47500000000000003,586,0.9258545842889525,14.5,0.7167235494880545,0.08810811925625871,54.0,,3.0,3.9193492013982754,0.3516020001984195,0.09897610921501707,1.0145864345980196,58.0,54.0,30.0,3.0,1.0,0.0,1.0
30.0,2,2016,0.3,0.5,fixed,0.8,0.15,30.0,1.0,0.47500000000000003,586,0.9247325995769633,18.0,0.5119453924914675,0.048324165664030555,50.0,,9.0,3.898773986141851,0.44880485138908666,0.09044368600682594,1.720232946111918,51.0,50.0,30.0,9.0,1.0,0.0,1.0
30.0,2,2017,0.3,0.5,fixed,0.8,0.15,30.0,1.0,0.47500000000000003,586,0.9376778653715605,13.666666666666666,1.1262798634812285,0.17985953504439756,28.0,,15.0,3.9869667532151363,0.36574359151013003,0.14334470989761092,1.614831184918708,29.0,28.0,30.0,15.0,1.0,0.0,1.0
30.0,2,2018,0.3,0.5,fixed,0.8,0.15,30.0,1.0,0.47500000000000003,586,0.9154746621973177,9.222222222222221,1.7406143344709897,0.1442030598201967,57.0,,5.0,3.998345632266865,0.370970092950879,0.14675767918088736,1.9964030200454919,58.0,57.0,30.0,5.0,1.0,0.0,1.0
30.0,2,2019,0.3,0.5,fixed,0.8,0.15,30.0,1.0,0.47500000000000003,586,0.9422533222952599,12.0,0.9215017064846416,0.1238421257755526,48.0,,16.0,3.957046186075106,0.4827097212153858,0.11092150170648464,2.052486650292145,50.0,48.0,30.0,16.0,1.0,0.0,1.0
30.0,2,2020,0.3,0.5,fixed,0.8,0.15,30.0,1.0,0.47500000000000003,586,0.9051733380796826,14.2,0.9215017064846416,0.08025710100511296,48.0,,9.0,3.9855182866033543,0.43164759794184293,0.13993174061433447,1.8412187720762485,50.0,48.0,30.0,9.0,1.0,0.0,1.0
30.0,2,2021,0.3,0.5,fixed,0.8,0.15,30.0,1.0,0.47500000000000003,586,0.9113924474238052,9.125,1.5358361774744027,0.09771629813346966,54.0,,8.0,3.9643729854090566,0.4141052115106434,0.12457337883959044,1.439820639050802,58.0,54.0,30.0,8.0,1.0,0.0,1.0
30.0,2,2022,0.3,0.5,fixed,0.8,0.15,30.0,1.0,0.47500000000000003,586,0.9353106438375715,12.666666666666666,1.1262798634812285,0.08102365167411947,56.0,,14.0,3.9660668355412647,0.4174814957416884,0.13310580204778158,1.461104857580143,60.0,56.0,30.0,14.0,1.0,0.0,1.0
30.0,2,2023,0.3,0.5,fixed,0.8,0.15,30.0,1.0,0.47500000000000003,586,0.8613833292057739,15.0,0.9215017064846416,0.12470029107595544,57.0,,4.0,3.994937008744207,0.4114238867495177,0.1296928327645051,1.9458598023419802,59.0,57.0,30.0,4.0,1.0,0.0,1.0
30.0,2,2024,0.3,0.5,fixed,0.8,0.15,30.0,1.0,0.47500000000000003,586,0.9240177609457276,17.333333333333332,0.5119453924914675,0.0554662147171735,56.0,,6.0,3.9442284268240937,0.42063612231263237,0.09044368600682594,1.7122801436192052,58.0,56.0,30.0,6.0,1.0,0.0,1.0
30.0,2,2025,0.3,0.5,fixed,0.8,0.15,30.0,1.0,0.47500000000000003,586,0.9014259217294679,14.5,0.614334470989761,0.06477338349729415,58.0,9.0,7.0,3.940983471716392,0.37280575728254783,0.09897610921501707,1.7423453147316106,15.0,58.0,9.0,7.0,1.0,1.0,1.0
30.0,2,2026,0.3,0.5,fixed,0.8,0.15,30.0,1.0,0.47500000000000003,586,0.8855318831822043,12.142857142857142,1.3310580204778155,0.11771667500895754,55.0,,7.0,4.100225742907819,0.4351773293454795,0.14846416382252559,2.288639376428081,55.0,55.0,30.0,7.0,1.0,0.0,1.0
30.0,2,2027,0.3,0.5,fixed,0.8,0.15,30.0,1.0,0.47500000000000003,586,0.951279428066407,17.5,0.7167235494880545,0.1261130390031894,34.0,,15.0,3.829746832707673,0.48603642292686566,0.11433447098976109,1.0554045537671244,35.0,34.0,30.0,15.0,1.0,0.0,1.0
30.0,2,2028,0.3,0.5,fixed,0.8,0.15,30.0,1.0,0.47500000000000003,586,0.9273164067134021,11.5,1.1262798634812285,0.10611696782696804,53.0,14.0,4.0,3.9547924047378413,0.40527697414330194,0.11774744027303755,1.4089650349007883,14.0,53.0,14.0,4.0,1.0,1.0,1.0
30.0,2,2029,0.3,0.5,fixed,0.8,0.15,30.0,1.0,0.47500000000000003,586,0.9413708995869512,13.666666666666666,1.1262798634812285,0.10480248913437383,57.0,,6.0,4.045045248080287,0.40640119935482755,0.13139931740614336,2.0919093094165264,57.0,57.0,30.0,6.0,1.0,0.0,1.0
30.0,4,2000,0.3,0.5,fixed,0.8,0.15,30.0,1.0,0.47500000000000003,586,0.9343151684587795,19.285714285714285,1.3310580204778155,0.18281903003887728,51.0,,7.0,4.08251094161417,0.45258987068058326,0.2167235494880546,1.815481740362992,53.0,51.0,30.0,7.0,1.0,0.0,1.0
30.0,4,2001,0.3,0.5,fixed,0.8,0.15,30.0,1.0,0.47500000000000003,586,0.9368462465054749,24.4,0.9215017064846416,0.19709096357801417,49.0,2.0,8.0,3.99149478646544,0.5269907579996319,0.20477815699658702,1.4625161949200867,49.0,49.0,2.0,8.0,1.0,1.0,1.0
30.0,4,2002,0.3,0.5,fixed,0.8,0.15,30.0,1.0,0.47500000000000003,586,0.9438162388840434,22.4,0.9215017064846416,0.19894492019423432,43.0,,7.0,3.9954886595027417,0.5437913293807961,0.19112627986348124,2.500297951315113,48.0,43.0,30.0,7.0,1.0,0.0,1.0
30.0,4,2003,0.3,0.5,fixed,0.8,0.15,30.0,1.0,0.47500000000000003,586,0.922757362105184,20.333333333333332,1.1262798634812285,0.18787748918272623,54.0,,11.0,4.158806344069624,0.4620580833083957,0.22013651877133106,1.7874225218886037,57.0,54.0,30.0,11.0,1.0,0.0,1.0
30.0,4,2004,0.3,0.5,fixed,0.8,0.15,30.0,1.0,0.47500000000000003,586,0.935974544486839,15.1,1.9453924914675766,0.22950253645414695,51.0,,5.0,4.013113501268884,0.4990708291921667,0.2627986348122867,1.884801384709842,52.0,51.0,30.0,5.0,1.0,0.0,1.0
30.0,4,2005,0.3,0.5,fixed,0.8,0.15,30.0,1.0,0.47500000000000003,586,0.9413428409803338,15.777777777777779,1.6382252559726962,0.19952530145764127,49.0,,18.0,4.1723299750747795,0.46643545747932036,0.24061433447098976,2.6518847248167576,52.0,49.0,30.0,18.0,1.0,0.0,1.0
30.0,4,2006,0.3,0.5,fixed,0.8,0.15,30.0,1.0,0.47500000000000003,586,0.920094406657173,14.777777777777779,1.7406143344709897,0.1789185245573396,58.0,3.0,3.0,4.11088484827715,0.44311692822732596,0.22184300341296928,2.556717369399684,59.0,58.0,3.0,3.0,1.0,1.0,1.0
30.0,4,2007,0.3,0.5,fixed,0.8,0.15,30.0,1.0,0.47500000000000003,586,0.9427821554111607,16.0,1.5358361774744027,0.21739524533642487,53.0,,17.0,4.042352905843499,0.46479722677519736,0.2030716723549488,1.7800352816348148,55.0,53.0,30.0,17.0,1.0,0.0,1.0
30.0,4,2008,0.3,0.5,fixed,0.8,0.15,30.0,1.0,0.47500000000000003,586,0.9486778566412664,18.833333333333332,1.1262798634812285,0.18108161951603707,50.0,,13.0,4.123063976273768,0.4491138868248639,0.19965870307167236,1.5298416240870478,52.0,50.0,30.0,13.0,1.0,0.0,1.0
30.0,4,2009,0.3,0.5,fixed,0.8,0.15,30.0,1.0,0.47500000000000003,586,0.9276626538556987,18.571428571428573,1.3310580204778155,0.24643502937895148,56.0,,7.0,4.040514439383795,0.5052923384878892,0.22696245733788395,2.1291934368733956,64.0,56.0,30.0,7.0,1.0,0.0,1.0
30.0,4,2010,0.3,0.5,fixed,0.8,0.15,30.0,1.0,0.47500000000000003,586,0.9569908952249309,26.833333333333332,1.1262798634812285,0.2661028616770211,52.0,4.0,14.0,4.10877170623353,0.5295401019830007,0.27986348122866894,1.5568066516283265,8.0,52.0,4.0,14.0,1.0,1.0,1.0
30.0,4,2011,0.3,0.5,fixed,0.8,0.15,30.0,1.0,0.47500000000000003,586,0.9145146133377442,19.857142857142858,1.3310580204778155,0.2205378531268993,40.0,,12.0,3.938085037070382,0.492142862706678,0.24232081911262798,2.5083005757794896,41.0,40.0,30.0,12.0,1.0,0.0,1.0
30.0,4,2012,0.3,0.5,fixed,0.8,0.15,30.0,1.0,0.47500000000000003,586,0.9136427495912641,15.444444444444445,1.7406143344709897,0.25662838366680785,21.0,,19.0,4.078294105217818,0.44684902296280093,0.24061433447098976,2.0783156308366824,21.0,21.0,30.0,19.0,1.0,0.0,1.0
30.0,4,2013,0.3,0.5,fixed,0.8,0.15,30.0,1.0,0.47500000000000003,586,0.9606119627004988,15.0,1.3310580204778155,0.16857417370762479,57.0,,8.0,4.094699171814351,0.4871048158022615,0.18088737201365188,2.8318869324568667,60.0,57.0,30.0,8.0,1.0,0.0,1.0
30.0,4,2014,0.3,0.5,fixed,0.8,0.15,30.0,1.0,0.47500000000000003,586,0.8941454712108785,31.5,0.7167235494880545,0.15650679758913935,50.0,,4.0,4.119397343398958,0.529771478777233,0.22525597269624573,3.1155027106697535,55.0,50.0,30.0,4.0,1.0,0.0,1.0
30.0,4,2015,0.3,0.5,fixed,0.8,0.15,30.0,1.0,0.47500000000000003,586,0.9258545842889528,23.6,0.9215017064846416,0.1509681248317042,54.0,,3.0,4.061638096934091,0.4398407799957839,0.1962457337883959,1.5246460095856529,58.0,54.0,30.0,3.0,1.0,0.0,1.0
30.0,4,2016,0.3,0.5,fixed,0.8,0.15,30.0,1.0,0.47500000000000003,586,0.9247325995769634,21.6,0.9215017064846416,0.1259011718431715,50.0,,9.0,4.059674531773763,0.5142146866281645,0.18088737201365188,1.7929112270925103,51.0,50.0,30.0,9.0,1.0,0.0,1.0
30.0,4,2017,0.3,0.5,fixed,0.8,0.15,30.0,1.0,0.47500000000000003,586,0.9540702056713517,19.714285714285715,1.3310580204778155,0.26021787369889804,28.0,,13.0,4.1201645008095085,0.431545622054926,0.23890784982935154,1.9184142470977037,29.0,28.0,30.0,13.0,1.0,0.0,1.0
30.0,4,2018,0.3,0.5,fixed,0.8,0.15,30.0,1.0,0.47500000000000003,586,0.9359555634436874,15.875,1.5358361774744027,0.20317897519799347,57.0,5.0,28.0,4.006611065056441,0.43880410148858895,0.22184300341296928,2.427668772883421,58.0,57.0,5.0,28.0,1.0,1.0,1.0
30.0,4,2019,0.3,0.5,fixed,0.8,0.15,30.0,1.0,0.47500000000000003,586,0.9422533222952603,23.2,0.9215017064846416,0.21302177706086606,48.0,,16.0,4.054110865166888,0.5434047907842363,0.2150170648464164,2.497723831536293,50.0,48.0,30.0,16.0,1.0,0.0,1.0
30.0,4,2020,0.3,0.5,fixed,0.8,0.15,30.0,1.0,0.47500000000000003,586,0.9051733380796814,21.166666666666668,1.1262798634812285,0.16016845035319555,48.0,,9.0,4.10625166450866,0.4922626832344559,0.23208191126279865,2.3700988295252077,50.0,48.0,30.0,9.0,1.0,0.0,1.0
30.0,4,2021,0.3,0.5,fixed,0.8,0.15,30.0,1.0,0.47500000000000003,586,0.9113924474238052,13.777777777777779,1.7406143344709897,0.1830280952320185,54.0,,8.0,4.092487692067604,0.49981740603425584,0.21160409556313994,1.5170780747738277,58.0,54.0,30.0,8.0,1.0,0.0,1.0
30.0,4,2022,0.3,0.5,fixed,0.8,0.15,30.0,1.0,0.47500000000000003,586,0.9353106438375707,20.428571428571427,1.3310580204778155,0.1636187903023427,56.0,,14.0,4.067826079654503,0.503026936943503,0.24744027303754265,2.132052645890454,60.0,56.0,30.0,14.0,1.0,0.0,1.0
30.0,4,2023,0.3,0.5,fixed,0.8,0.15,30.0,1.0,0.47500000000000003,586,0.9440963873494259,22.833333333333332,1.1262798634812285,0.21813484668143562,57.0,11.0,4.0,4.047394947758374,0.4747373797938663,0.23378839590443687,2.375512249826145,59.0,57.0,11.0,4.0,1.0,1.0,1.0
30.0,4,2024,0.3,0.5,fixed,0.8,0.15,30.0,1.0,0.47500000000000003,586,0.9240177609457261,21.6,0.9215017064846416,0.1366850917043491,56.0,,6.0,4.0896490252651825,0.48983314879603773,0.18430034129692832,2.44922077829454,58.0,56.0,30.0,6.0,1.0,0.0,1.0
30.0,4,2025,0.3,0.5,fixed,0.8,0.15,30.0,1.0,0.47500000000000003,586,0.9369478170411008,22.4,0.8191126279863481,0.1317056383343052,58.0,10.0,2.0,4.094964553139151,0.46622438911203806,0.189419795221843,1.4303515724293425,15.0,58.0,10.0,2.0,1.0,1.0,1.0
30.0,4,2026,0.3,0.5,fixed,0.8,0.15,30.0,1.0,0.47500000000000003,586,0.9193118947855979,19.571428571428573,1.3310580204778155,0.18757461960560365,55.0,,10.0,4.090462473081026,0.5217326451859117,0.24061433447098976,2.8633912046831194,55.0,55.0,30.0,10.0,1.0,0.0,1.0
30.0,4,2027,0.3,0.5,fixed,0.8,0.15,30.0,1.0,0.47500000000000003,586,0.9512794280664068,20.5,1.1262798634812285,0.20976456779652322,34.0,,15.0,4.010185090841102,0.5013078423514015,0.20819112627986347,1.3239394090820606,35.0,34.0,30.0,15.0,1.0,0.0,1.0
30.0,4,2028,0.3,0.5,fixed,0.8,0.15,30.0,1.0,0.47500000000000003,586,0.9393946813342398,20.5,1.1262798634812285,0.18288719831609518,53.0,14.0,16.0,4.044616016071881,0.4834118057728554,0.20648464163822525,1.9046459716876725,14.0,53.0,14.0,16.0,1.0,1.0,1.0
30.0,4,2029,0.3,0.5,fixed,0.8,0.15,30.0,1.0,0.47500000000000003,586,0.942743919253285,18.857142857142858,1.3310580204778155,0.1757032109116784,57.0,,9.0,4.112475785881117,0.4692461127361957,0.22013651877133106,2.6733584656964933,57.0,57.0,30.0,9.0,1.0,0.0,1.0
30.0,8,2000,0.3,0.5,fixed,0.8,0.15,30.0,1.0,0.47500000000000003,586,0.9349582944064283,29.0,1.5358361774744027,0.34477036471701933,51.0,,7.0,3.9315954088416043,0.5219002544641554,0.39078498293515357,1.390556131363346,53.0,51.0,30.0,7.0,1.0,0.0,1.0
30.0,8,2001,0.3,0.5,fixed,0.8,0.15,30.0,1.0,0.47500000000000003,586,0.9368462465054757,29.875,1.5358361774744027,0.36511627278708964,49.0,2.0,8.0,4.037586825396427,0.5738393476222924,0.4061433447098976,1.352700743702891,49.0,49.0,2.0,8.0,1.0,1.0,1.0
30.0,8,2002,0.3,0.5,fixed,0.8,0.15,30.0,1.0,0.47500000000000003,586,0.9564745604334122,27.875,1.5358361774744027,0.36438906438514984,43.0,,9.0,4.088467495466601,0.5664558503762471,0.3771331058020478,1.420566608198626,48.0,43.0,30.0,9.0,1.0,0.0,1.0
30.0,8,2003,0.3,0.5,fixed,0.8,0.15,30.0,1.0,0.47500000000000003,586,0.9446466287373758,26.88888888888889,1.7406143344709897,0.3467041825587444,54.0,,16.0,4.061629075803934,0.5846911639075665,0.4197952218430034,1.6300843877631503,57.0,54.0,30.0,16.0,1.0,0.0,1.0
30.0,8,2004,0.3,0.5,fixed,0.8,0.15,30.0,1.0,0.47500000000000003,586,0.9359745444868397,22.545454545454547,2.150170648464164,0.3724567547612337,51.0,,5.0,3.9710009659636682,0.5600022198245141,0.42150170648464164,1.5038512456901099,52.0,51.0,30.0,5.0,1.0,0.0,1.0
30.0,8,2005,0.3,0.5,fixed,0.8,0.15,30.0,1.0,0.47500000000000003,586,0.9413428409803336,23.727272727272727,2.04778156996587,0.3772710508916618,49.0,,18.0,4.074695417685035,0.5612265397755165,0.45051194539249145,2.1616033558016676,52.0,49.0,30.0,18.0,1.0,0.0,1.0
30.0,8,2006,0.3,0.5,fixed,0.8,0.15,30.0,1.0,0.47500000000000003,586,0.9529480688139573,21.0,2.354948805460751,0.3673404245690489,58.0,11.0,16.0,3.9957820817049856,0.5420373801529554,0.4283276450511945,1.3386786888702267,59.0,58.0,11.0,16.0,1.0,1.0,1.0
30.0,8,2007,0.3,0.5,fixed,0.8,0.15,30.0,1.0,0.47500000000000003,586,0.9427821554111608,22.545454545454547,2.150170648464164,0.3803819663153518,53.0,,17.0,4.023777281789097,0.5456226923177794,0.4112627986348123,1.2447575080848767,55.0,53.0,30.0,17.0,1.0,0.0,1.0
30.0,8,2008,0.3,0.5,fixed,0.8,0.15,30.0,1.0,0.47500000000000003,586,0.9486778566412681,25.0,1.7406143344709897,0.3507257539239844,50.0,,13.0,4.028068420610524,0.5332879622647698,0.39078498293515357,1.7873769568797113,52.0,50.0,30.0,13.0,1.0,0.0,1.0
30.0,8,2009,0.3,0.5,fixed,0.8,0.15,30.0,1.0,0.47500000000000003,586,0.9447204547777899,30.75,1.5358361774744027,0.40638181714093785,56.0,,10.0,4.016527671246842,0.6030350001716757,0.43856655290102387,1.309337064035001,64.0,56.0,30.0,10.0,1.0,0.0,1.0
30.0,8,2010,0.3,0.5,fixed,0.8,0.15,30.0,1.0,0.47500000000000003,586,0.9569908952249324,30.22222222222222,1.7406143344709897,0.4249415244195491,52.0,4.0,14.0,4.1257171282270395,0.590958546611314,0.46757679180887374,1.2319713552993843,8.0,52.0,4.0,14.0,1.0,1.0,1.0
30.0,8,2011,0.3,0.5,fixed,0.8,0.15,30.0,1.0,0.47500000000000003,586,0.921851460382441,26.555555555555557,1.7406143344709897,0.3778562530220115,40.0,,4.0,4.0363396949594526,0.5553841677282259,0.4061433447098976,1.915512235074978,41.0,40.0,30.0,4.0,1.0,0.0,1.0
30.0,8,2012,0.3,0.5,fixed,0.8,0.15,30.0,1.0,0.47500000000000003,586,0.9136427495912649,22.545454545454547,2.150170648464164,0.408473039237056,21.0,,19.0,3.923784856974466,0.5141879545407563,0.4249146757679181,1.4916198711547795,21.0,21.0,30.0,19.0,1.0,0.0,1.0
30.0,8,2013,0.3,0.5,fixed,0.8,0.15,30.0,1.0,0.47500000000000003,586,0.9606119627004988,21.4,1.9453924914675766,0.33279705644073204,57.0,,8.0,4.064327342157079,0.5346595965137119,0.3583617747440273,1.555286048693707,60.0,57.0,30.0,8.0,1.0,0.0,1.0
30.0,8,2014,0.3,0.5,fixed,0.8,0.15,30.0,1.0,0.47500000000000003,586,0.9022212908192064,29.25,1.5358361774744027,0.32184406628904016,50.0,,4.0,4.074024296571043,0.5976203263959583,0.40784982935153585,1.7282313297667315,55.0,50.0,30.0,4.0,1.0,0.0,1.0
30.0,8,2015,0.3,0.5,fixed,0.8,0.15,30.0,1.0,0.47500000000000003,586,0.9467206856852397,30.75,1.5358361774744027,0.3342246401913324,54.0,,21.0,4.014216323766476,0.5591898945519083,0.4061433447098976,1.5097082052340907,58.0,54.0,30.0,21.0,1.0,0.0,1.0
30.0,8,2016,0.3,0.5,fixed,0.8,0.15,30.0,1.0,0.47500000000000003,586,0.9260790936410132,28.375,1.5358361774744027,0.30756858480241306,50.0,,3.0,4.150566296034357,0.6103722167550326,0.3856655290102389,1.5191555627524775,51.0,50.0,30.0,3.0,1.0,0.0,1.0
30.0,8,2017,0.3,0.5,fixed,0.8,0.15,30.0,1.0,0.47500000000000003,586,0.9540702056713536,23.2,1.9453924914675766,0.3881028272475945,28.0,,13.0,4.12021411631481,0.5130944469361735,0.40102389078498296,1.5401326538959603,29.0,28.0,30.0,13.0,1.0,0.0,1.0
30.0,8,2018,0.3,0.5,fixed,0.8,0.15,30.0,1.0,0.47500000000000003,586,0.9450950253036644,22.636363636363637,2.150170648464164,0.3655200068534664,57.0,5.0,14.0,3.981992352574907,0.5178765146493196,0.4180887372013652,1.7841393880009422,58.0,57.0,5.0,14.0,1.0,1.0,1.0
30.0,8,2019,0.3,0.5,fixed,0.8,0.15,30.0,1.0,0.47500000000000003,586,0.94225332229526,25.22222222222222,1.7406143344709897,0.37885222359586535,48.0,,16.0,4.0510146843216885,0.5571579393118848,0.3924914675767918,1.8245083556720285,50.0,48.0,30.0,16.0,1.0,0.0,1.0
30.0,8,2020,0.3,0.5,fixed,0.8,0.15,30.0,1.0,0.47500000000000003,586,0.9051733380796818,25.333333333333332,1.7406143344709897,0.3487561055426257,48.0,,9.0,3.992672131998836,0.5409743541994834,0.3993174061433447,1.5283383500631835,50.0,48.0,30.0,9.0,1.0,0.0,1.0
30.0,8,2021,0.3,0.5,fixed,0.8,0.15,30.0,1.0,0.47500000000000003,586,0.9427301980150189,22.454545454545453,2.150170648464164,0.3477589297070404,54.0,1.0,10.0,4.05488904588645,0.5872977364122005,0.42150170648464164,1.5181980884696202,58.0,54.0,1.0,10.0,1.0,1.0,1.0
30.0,8,2022,0.3,0.5,fixed,0.8,0.15,30.0,1.0,0.47500000000000003,586,0.9353106438375691,27.77777777777778,1.7406143344709897,0.32209029763156066,56.0,,14.0,3.9447038634240714,0.5887187491106233,0.4300341296928328,1.447751766331876,60.0,56.0,30.0,14.0,1.0,0.0,1.0
30.0,8,2023,0.3,0.5,fixed,0.8,0.15,30.0,1.0,0.47500000000000003,586,0.9440963873494255,26.4,1.9453924914675766,0.36922910692633326,57.0,11.0,4.0,4.054181159771288,0.5760872790015678,0.44368600682593856,1.4438507560641565,59.0,57.0,11.0,4.0,1.0,1.0,1.0
30.0,8,2024,0.3,0.5,fixed,0.8,0.15,30.0,1.0,0.47500000000000003,586,0.9409179899487912,21.1,1.9453924914675766,0.3045006011464887,56.0,,18.0,4.060196674084307,0.5511302624000157,0.3651877133105802,1.3469231623390947,58.0,56.0,30.0,18.0,1.0,0.0,1.0
30.0,8,2025,0.3,0.5,fixed,0.8,0.15,30.0,1.0,0.47500000000000003,586,0.9369478170411009,24.77777777777778,1.6382252559726962,0.2888414980159715,58.0,10.0,2.0,4.147142062061076,0.5773258636338858,0.378839590443686,1.4681116908100162,15.0,58.0,10.0,2.0,1.0,1.0,1.0
30.0,8,2026,0.3,0.5,fixed,0.8,0.15,30.0,1.0,0.47500000000000003,586,0.939931785849435,25.5,1.9453924914675766,0.3749463363759046,55.0,4.0,7.0,4.012373076921719,0.5777373395487718,0.44197952218430037,1.312344394167123,55.0,55.0,4.0,7.0,1.0,1.0,1.0
30.0,8,2027,0.3,0.5,fixed,0.8,0.15,30.0,1.0,0.47500000000000003,586,0.951279428066407,24.1,1.9453924914675766,0.36088754330555467,34.0,,15.0,4.078030772498726,0.5528900190311975,0.40273037542662116,1.3674650943675766,35.0,34.0,30.0,15.0,1.0,0.0,1.0
30.0,8,2028,0.3,0.5,fixed,0.8,0.15,30.0,1.0,0.47500000000000003,586,0.9480764422821628,23.7,1.9453924914675766,0.35265265411725855,53.0,14.0,10.0,4.114574333228366,0.5303155376657864,0.39590443686006827,1.395041508983358,14.0,53.0,14.0,10.0,1.0,1.0,1.0
30.0,8,2029,0.3,0.5,fixed,0.8,0.15,30.0,1.0,0.47500000000000003,586,0.9427439192532876,26.11111111111111,1.7406143344709897,0.33136402052313896,57.0,,9.0,4.084017205437932,0.5293084562908006,0.3890784982935154,1.7671744966908007,57.0,57.0,30.0,9.0,1.0,0.0,1.0
60.0,2,2000,0.3,0.5,fixed,0.8,0.15,60.0,0.5,0.47500000000000003,571,0.845650413997648,50.0,0.31523642732049034,0.15534733536234002,111.0,,10.0,3.916680500370239,0.5311796253034875,0.17513134851138354,0.5561831341947014,118.0,111.0,30.0,10.0,1.0,0.0,1.0
60.0,2,2001,0.3,0.5,fixed,0.8,0.15,60.0,0.5,0.47500000000000003,571,0.8360895667534926,50.0,0.31523642732049034,0.18767709652713807,106.0,,6.0,3.7295233036011846,0.7388970744919441,0.1733800350262697,0.5520046569316588,113.0,106.0,30.0,6.0,1.0,0.0,1.0
60.0,2,2002,0.3,0.5,fixed,0.8,0.15,60.0,0.5,0.47500000000000003,571,0.9063426303782892,55.0,0.31523642732049034,0.21240490841956636,55.0,,19.0,3.925369501279761,0.6870356882854683,0.1978984238178634,0.39080336836735774,114.0,55.0,30.0,19.0,1.0,0.0,1.0
60.0,2,2003,0.3,0.5,fixed,0.8,0.15,60.0,0.5,0.47500000000000003,571,0.9165136536006788,51.5,0.31523642732049034,0.18902987410427285,113.0,,28.0,3.9135165413176947,0.5117744145072652,0.17688266199649738,0.5290025992374706,116.0,113.0,30.0,28.0,1.0,0.0,1.0
60.0,2,2004,0.3,0.5,fixed,0.8,0.15,60.0,0.5,0.47500000000000003,571,0.9020854249806656,35.0,0.5253940455341506,0.22349863728080668,110.0,,25.0,3.9201389477213726,0.6660360513808294,0.19264448336252188,3.3490503491304358,116.0,110.0,30.0,25.0,1.0,0.0,1.0
60.0,2,2005,0.3,0.5,fixed,0.8,0.15,60.0,0.5,0.47500000000000003,571,0.8964383499857056,33.0,0.42031523642732044,0.18512257180217062,109.0,,36.0,4.009714318866299,0.5629709732431428,0.1786339754816112,0.5567306167185676,112.0,109.0,30.0,36.0,1.0,0.0,1.0
60.0,2,2006,0.3,0.5,fixed,0.8,0.15,60.0,0.5,0.47500000000000003,571,0.8507465496322169,51.5,0.31523642732049034,0.16659221465379898,101.0,,35.0,3.91381254614263,0.5308558875251204,0.18038528896672504,0.5079715170057433,115.0,101.0,30.0,35.0,1.0,0.0,1.0
60.0,2,2007,0.3,0.5,fixed,0.8,0.15,60.0,0.5,0.47500000000000003,571,0.9169869228603288,47.5,0.31523642732049034,0.21799159721107036,112.0,,36.0,3.8420838449509187,0.7059658848415272,0.1628721541155867,0.2717883049970117,116.0,112.0,30.0,36.0,1.0,0.0,1.0
60.0,2,2008,0.3,0.5,fixed,0.8,0.15,60.0,0.5,0.47500000000000003,571,0.9124256199051731,54.5,0.31523642732049034,0.17299541328416757,108.0,3.0,30.0,3.885957682063028,0.4882224896046565,0.18914185639229422,0.2927700218845599,120.0,108.0,3.0,30.0,1.0,1.0,1.0
60.0,2,2009,0.3,0.5,fixed,0.8,0.15,60.0,0.5,0.47500000000000003,571,0.9033512992132022,49.0,0.31523642732049034,0.23744486763983405,114.0,,34.0,3.950383003881141,0.5903642763781833,0.1646234676007005,0.8037530665353245,125.0,114.0,30.0,34.0,1.0,0.0,1.0
60.0,2,2010,0.3,0.5,fixed,0.8,0.15,60.0,0.5,0.47500000000000003,571,0.8850433115260595,34.0,0.5253940455341506,0.24472897850740463,110.0,,26.0,4.027151223569129,0.5691828300133868,0.18563922942206654,2.8885254769861266,117.0,110.0,30.0,26.0,1.0,0.0,1.0
60.0,2,2011,0.3,0.5,fixed,0.8,0.15,60.0,0.5,0.47500000000000003,571,0.9179822094465524,48.0,0.31523642732049034,0.19413044156908138,112.0,,17.0,3.92250282556349,0.6622400464828431,0.16987740805604204,0.23861847269271522,117.0,112.0,30.0,17.0,1.0,0.0,1.0
60.0,2,2012,0.3,0.5,fixed,0.8,0.15,60.0,0.5,0.47500000000000003,571,0.9119253179356557,52.0,0.31523642732049034,0.24612339810868195,98.0,,9.0,3.815060804111968,0.532424160645598,0.18213660245183888,0.43055545414570345,109.0,98.0,30.0,9.0,1.0,0.0,1.0
60.0,2,2013,0.3,0.5,fixed,0.8,0.15,60.0,0.5,0.47500000000000003,571,0.8923439285076884,56.5,0.31523642732049034,0.16953157060200116,103.0,,38.0,3.935207946269735,0.6591670820660996,0.19264448336252188,0.3626558621839956,114.0,103.0,30.0,38.0,1.0,0.0,1.0
60.0,2,2014,0.3,0.5,fixed,0.8,0.15,60.0,0.5,0.47500000000000003,571,0.8588554480233097,48.0,0.31523642732049034,0.12000544448745816,105.0,,32.0,3.919161081155056,0.6607613862589037,0.1646234676007005,0.41963696999590555,110.0,105.0,30.0,32.0,1.0,0.0,1.0
60.0,2,2015,0.3,0.5,fixed,0.8,0.15,60.0,0.5,0.47500000000000003,571,0.8936456685281939,53.0,0.31523642732049034,0.15692346567935017,114.0,,21.0,3.948204462175934,0.5130046833844143,0.1786339754816112,0.34082931303843367,123.0,114.0,30.0,21.0,1.0,0.0,1.0
60.0,2,2016,0.3,0.5,fixed,0.8,0.15,60.0,0.5,0.47500000000000003,571,0.886321657061364,50.5,0.31523642732049034,0.13707897429324825,112.0,,14.0,3.7819481267635453,0.7128531933856711,0.18038528896672504,0.42956955603092856,121.0,112.0,30.0,14.0,1.0,0.0,1.0
60.0,2,2017,0.3,0.5,fixed,0.8,0.15,60.0,0.5,0.47500000000000003,571,0.9215832923652052,49.0,0.31523642732049034,0.22143873344712747,100.0,,36.0,3.923851252045291,0.6375388907669628,0.1786339754816112,0.5376291747100683,112.0,100.0,30.0,36.0,1.0,0.0,1.0
60.0,2,2018,0.3,0.5,fixed,0.8,0.15,60.0,0.5,0.47500000000000003,571,0.9004277918704087,55.0,0.31523642732049034,0.19650449474157008,92.0,,41.0,3.787430858568773,0.5062843749830569,0.18388791593695272,0.367006645104718,110.0,92.0,30.0,41.0,1.0,0.0,1.0
60.0,2,2019,0.3,0.5,fixed,0.8,0.15,60.0,0.5,0.47500000000000003,571,0.9074815071354643,55.5,0.31523642732049034,0.19602326066272033,102.0,,19.0,3.79260121444833,0.6874699576648405,0.18563922942206654,0.371528458097428,114.0,102.0,30.0,19.0,1.0,0.0,1.0
60.0,2,2020,0.3,0.5,fixed,0.8,0.15,60.0,0.5,0.47500000000000003,571,0.8773432476708333,44.5,0.31523642732049034,0.13473033967327747,112.0,,25.0,3.8506844980248824,0.5134069550163893,0.15236427320490367,0.3130791891596258,117.0,112.0,30.0,25.0,1.0,0.0,1.0
60.0,2,2021,0.3,0.5,fixed,0.8,0.15,60.0,0.5,0.47500000000000003,571,0.8937347320297626,46.5,0.31523642732049034,0.18729543112237848,114.0,,13.0,3.9013895175262654,0.5584504289915926,0.15236427320490367,0.49024377434871746,121.0,114.0,30.0,13.0,1.0,0.0,1.0
60.0,2,2022,0.3,0.5,fixed,0.8,0.15,60.0,0.5,0.47500000000000003,571,0.880966285066042,49.0,0.31523642732049034,0.16131841332590657,109.0,,32.0,3.9761227868014277,0.5412282946515365,0.159369527145359,0.4535573676110726,116.0,109.0,30.0,32.0,1.0,0.0,1.0
60.0,2,2023,0.3,0.5,fixed,0.8,0.15,60.0,0.5,0.47500000000000003,571,0.8902671411133023,47.0,0.31523642732049034,0.1963490376616082,106.0,,33.0,3.91615460764471,0.5996446344272414,0.1681260945709282,0.8099382692526633,121.0,106.0,30.0,33.0,1.0,0.0,1.0
60.0,2,2024,0.3,0.5,fixed,0.8,0.15,60.0,0.5,0.47500000000000003,571,0.8794322547671534,43.0,0.31523642732049034,0.1190181682165868,108.0,,26.0,3.8319465337897927,0.6361726944712662,0.14185639229422067,0.3813196348513704,111.0,108.0,30.0,26.0,1.0,0.0,1.0
60.0,2,2025,0.3,0.5,fixed,0.8,0.15,60.0,0.5,0.47500000000000003,571,0.8615027033439675,53.5,0.31523642732049034,0.14343657411520133,104.0,,19.0,3.8425299277238523,0.5406880246527355,0.18563922942206654,0.5045109017652641,119.0,104.0,30.0,19.0,1.0,0.0,1.0
60.0,2,2026,0.3,0.5,fixed,0.8,0.15,60.0,0.5,0.47500000000000003,571,0.9003465980410184,40.0,0.5253940455341506,0.21332030859238593,112.0,,9.0,3.9716026626178436,0.5026676253259761,0.20140105078809106,3.2639789391515723,124.0,112.0,30.0,9.0,1.0,0.0,1.0
60.0,2,2027,0.3,0.5,fixed,0.8,0.15,60.0,0.5,0.47500000000000003,571,0.9252148125160954,53.5,0.31523642732049034,0.203003066079063,98.0,,34.0,3.8306167365503234,0.7016601842109589,0.18213660245183888,0.3336424046406527,111.0,98.0,30.0,34.0,1.0,0.0,1.0
60.0,2,2028,0.3,0.5,fixed,0.8,0.15,60.0,0.5,0.47500000000000003,571,0.9141773545937509,46.5,0.31523642732049034,0.16281695953032538,114.0,16.0,23.0,3.745966643385468,0.6337759921930938,0.15586690017513136,0.5029211543572213,117.0,114.0,16.0,23.0,1.0,1.0,1.0
60.0,2,2029,0.3,0.5,fixed,0.8,0.15,60.0,0.5,0.47500000000000003,571,0.8917773063574763,54.5,0.31523642732049034,0.1832163868544352,112.0,,30.0,3.962569328511332,0.5382719419920173,0.18914185639229422,0.39717797388013365,122.0,112.0,30.0,30.0,1.0,0.0,1.0
60.0,4,2000,0.3,0.5,fixed,0.8,0.15,60.0,0.5,0.47500000000000003,571,0.9135245816577459,51.25,0.7355516637478108,0.3331666409644805,111.0,,12.0,3.8464696297676877,0.5773981214766712,0.35901926444833626,2.12122826008862,118.0,111.0,30.0,12.0,1.0,0.0,1.0
60.0,4,2001,0.3,0.5,fixed,0.8,0.15,60.0,0.5,0.47500000000000003,571,0.8837813316121534,52.25,0.7355516637478108,0.3529832388894956,106.0,26.0,28.0,4.071985392254089,0.6749523994411964,0.36427320490367776,2.2379082919500926,113.0,106.0,26.0,28.0,1.0,1.0,1.0
60.0,4,2002,0.3,0.5,fixed,0.8,0.15,60.0,0.5,0.47500000000000003,571,0.9113700774853835,57.25,0.7355516637478108,0.3870410290446871,55.0,,31.0,4.1270947416707084,0.628509904223355,0.404553415061296,2.277405033535639,114.0,55.0,30.0,31.0,1.0,0.0,1.0
60.0,4,2003,0.3,0.5,fixed,0.8,0.15,60.0,0.5,0.47500000000000003,571,0.9276457762549675,54.0,0.7355516637478108,0.32544857973051355,113.0,,28.0,4.014548765765652,0.6153713785411232,0.37478108581436076,2.1834867548938637,116.0,113.0,30.0,28.0,1.0,0.0,1.0
60.0,4,2004,0.3,0.5,fixed,0.8,0.15,60.0,0.5,0.47500000000000003,571,0.9020854249806654,55.0,0.7355516637478108,0.37644522202162845,110.0,,25.0,3.9694182528698163,0.6901800481886741,0.4010507880910683,2.3867141918378674,116.0,110.0,30.0,25.0,1.0,0.0,1.0
60.0,4,2005,0.3,0.5,fixed,0.8,0.15,60.0,0.5,0.47500000000000003,571,0.8964383499857054,43.4,0.8406304728546409,0.37840531193641935,109.0,,36.0,4.065821458357332,0.6151003100049217,0.4028021015761821,2.0655766406498146,112.0,109.0,30.0,36.0,1.0,0.0,1.0
60.0,4,2006,0.3,0.5,fixed,0.8,0.15,60.0,0.5,0.47500000000000003,571,0.8677838904847803,56.25,0.7355516637478108,0.34615893436190676,101.0,,8.0,3.989052080763872,0.5505952257853458,0.3905429071803853,2.2871768300612914,115.0,101.0,30.0,8.0,1.0,0.0,1.0
60.0,4,2007,0.3,0.5,fixed,0.8,0.15,60.0,0.5,0.47500000000000003,571,0.9169869228603287,52.25,0.7355516637478108,0.3907142804453711,112.0,,36.0,4.126536552279912,0.6189887327374658,0.37302977232924694,2.33694710322969,116.0,112.0,30.0,36.0,1.0,0.0,1.0
60.0,4,2008,0.3,0.5,fixed,0.8,0.15,60.0,0.5,0.47500000000000003,571,0.9192663176554366,51.5,0.7355516637478108,0.3313592748254231,108.0,3.0,25.0,3.9810473024693493,0.5262293686402599,0.3607705779334501,1.9908463930788218,120.0,108.0,3.0,25.0,1.0,1.0,1.0
60.0,4,2009,0.3,0.5,fixed,0.8,0.15,60.0,0.5,0.47500000000000003,571,0.9033512992132023,54.5,0.7355516637478108,0.40548735160293564,114.0,,34.0,4.0185762768300615,0.5877940241597247,0.37302977232924694,2.0571303247253505,125.0,114.0,30.0,34.0,1.0,0.0,1.0
60.0,4,2010,0.3,0.5,fixed,0.8,0.15,60.0,0.5,0.47500000000000003,571,0.9188533503178937,42.4,0.945709281961471,0.4119552025054721,110.0,,5.0,4.056049062291467,0.5582291322321263,0.38003502626970226,1.888217331003091,117.0,110.0,30.0,5.0,1.0,0.0,1.0
60.0,4,2011,0.3,0.5,fixed,0.8,0.15,60.0,0.5,0.47500000000000003,571,0.9179822094465527,52.5,0.7355516637478108,0.35733806610005014,112.0,,17.0,4.095778125543789,0.6618692236253306,0.37478108581436076,2.2166709592203833,117.0,112.0,30.0,17.0,1.0,0.0,1.0
60.0,4,2012,0.3,0.5,fixed,0.8,0.15,60.0,0.5,0.47500000000000003,571,0.9119253179356557,53.5,0.7355516637478108,0.384259866789369,98.0,,9.0,3.8107046332628984,0.5795213047513529,0.37478108581436076,2.248435941823566,109.0,98.0,30.0,9.0,1.0,0.0,1.0
60.0,4,2013,0.3,0.5,fixed,0.8,0.15,60.0,0.5,0.47500000000000003,571,0.8923439285076885,54.0,0.7355516637478108,0.34325927746465995,103.0,,38.0,4.1066502331817505,0.637465392731401,0.37828371278458844,2.459910035210942,114.0,103.0,30.0,38.0,1.0,0.0,1.0
60.0,4,2014,0.3,0.5,fixed,0.8,0.15,60.0,0.5,0.47500000000000003,571,0.8812343517950021,49.25,0.7355516637478108,0.29054770651407374,105.0,,30.0,4.017265017867742,0.6432824829079109,0.3415061295971979,2.2947287679590835,110.0,105.0,30.0,30.0,1.0,0.0,1.0
60.0,4,2015,0.3,0.5,fixed,0.8,0.15,60.0,0.5,0.47500000000000003,571,0.8936456685281936,57.5,0.7355516637478108,0.32088364533575425,114.0,,21.0,4.034346777571775,0.6185870392169919,0.38704028021015763,2.3053448761243764,123.0,114.0,30.0,21.0,1.0,0.0,1.0
60.0,4,2016,0.3,0.5,fixed,0.8,0.15,60.0,0.5,0.47500000000000003,571,0.9075929201154945,52.75,0.7355516637478108,0.3046210246957164,112.0,,32.0,3.9315809557346624,0.6881809722655311,0.3712784588441331,2.1016459982633395,121.0,112.0,30.0,32.0,1.0,0.0,1.0
60.0,4,2017,0.3,0.5,fixed,0.8,0.15,60.0,0.5,0.47500000000000003,571,0.9215832923652052,52.25,0.7355516637478108,0.36087037170238423,100.0,,36.0,4.137425533242066,0.6215756451156906,0.38003502626970226,2.2099709035422115,112.0,100.0,30.0,36.0,1.0,0.0,1.0
60.0,4,2018,0.3,0.5,fixed,0.8,0.15,60.0,0.5,0.47500000000000003,571,0.9004277918704082,56.0,0.7355516637478108,0.3477031709133817,92.0,,41.0,3.9633949719183157,0.5563630827624313,0.38879159369527144,2.3006354442712857,110.0,92.0,30.0,41.0,1.0,0.0,1.0
60.0,4,2019,0.3,0.5,fixed,0.8,0.15,60.0,0.5,0.47500000000000003,571,0.9074815071354644,56.0,0.7355516637478108,0.37379622521625544,102.0,,19.0,3.962440454907765,0.6654537583319955,0.39404553415061294,2.3982303569409615,114.0,102.0,30.0,19.0,1.0,0.0,1.0
60.0,4,2020,0.3,0.5,fixed,0.8,0.15,60.0,0.5,0.47500000000000003,571,0.9165512050596054,50.0,0.7355516637478108,0.30011985173486966,112.0,1.0,7.0,4.070711533326113,0.5500394889964568,0.3572679509632224,2.2977308402912335,117.0,112.0,1.0,7.0,1.0,1.0,1.0
60.0,4,2021,0.3,0.5,fixed,0.8,0.15,60.0,0.5,0.47500000000000003,571,0.9218779432487296,52.5,0.7355516637478108,0.34716983075571345,114.0,,30.0,4.0633651457850455,0.6053162299865139,0.36252189141856395,2.15500143445259,121.0,114.0,30.0,30.0,1.0,0.0,1.0
60.0,4,2022,0.3,0.5,fixed,0.8,0.15,60.0,0.5,0.47500000000000003,571,0.8809662850660418,55.0,0.7355516637478108,0.37811064230782504,109.0,,32.0,3.9893750744442973,0.5774298750894061,0.37828371278458844,2.2897659941787576,116.0,109.0,30.0,32.0,1.0,0.0,1.0
60.0,4,2023,0.3,0.5,fixed,0.8,0.15,60.0,0.5,0.47500000000000003,571,0.9118427115122176,50.0,0.7355516637478108,0.3459369927051402,106.0,,26.0,4.100422867611913,0.645284995936103,0.3502626970227671,2.114919417866161,121.0,106.0,30.0,26.0,1.0,0.0,1.0
60.0,4,2024,0.3,0.5,fixed,0.8,0.15,60.0,0.5,0.47500000000000003,571,0.8794322547671545,50.75,0.7355516637478108,0.3031033892433465,108.0,,26.0,3.983894285129029,0.6549075898883597,0.3415061295971979,2.2013657563125095,111.0,108.0,30.0,26.0,1.0,0.0,1.0
60.0,4,2025,0.3,0.5,fixed,0.8,0.15,60.0,0.5,0.47500000000000003,571,0.8941687900258712,53.0,0.7355516637478108,0.3117736608125596,104.0,,8.0,4.015039308871733,0.5707681056864538,0.37653239929947463,2.179187105121397,119.0,104.0,30.0,8.0,1.0,0.0,1.0
60.0,4,2026,0.3,0.5,fixed,0.8,0.15,60.0,0.5,0.47500000000000003,571,0.900346598041016,46.8,0.945709281961471,0.39463026110080934,112.0,,9.0,4.1533645623835636,0.5465074518786025,0.39929947460595444,1.992805119847881,124.0,112.0,30.0,9.0,1.0,0.0,1.0
60.0,4,2027,0.3,0.5,fixed,0.8,0.15,60.0,0.5,0.47500000000000003,571,0.9252148125160953,53.5,0.7355516637478108,0.3634992446141413,98.0,,34.0,4.094406530341328,0.670986828491907,0.36952714535901926,2.306468529524772,111.0,98.0,30.0,34.0,1.0,0.0,1.0
60.0,4,2028,0.3,0.5,fixed,0.8,0.15,60.0,0.5,0.47500000000000003,571,0.9141773545937485,53.25,0.7355516637478108,0.3410736419570024,114.0,16.0,23.0,4.023184821461864,0.6540048707260864,0.36952714535901926,2.2423165563975687,117.0,114.0,16.0,23.0,1.0,1.0,1.0
60.0,4,2029,0.3,0.5,fixed,0.8,0.15,60.0,0.5,0.47500000000000003,571,0.905541574353209,55.0,0.7355516637478108,0.3482104584241215,112.0,,36.0,3.9225553275960987,0.5707623351620379,0.3712784588441331,2.1043885875062935,122.0,112.0,30.0,36.0,1.0,0.0,1.0
60.0,8,2000,0.3,0.5,fixed,0.8,0.15,60.0,0.5,0.47500000000000003,571,0.9135245816577383,53.2,0.945709281961471,0.4220402573068498,111.0,,12.0,3.8603845953807214,0.6036873581294303,0.46760070052539404,2.07755932214771,118.0,111.0,30.0,12.0,1.0,0.0,1.0
60.0,8,2001,0.3,0.5,fixed,0.8,0.15,60.0,0.5,0.47500000000000003,571,0.8837813316121573,56.0,0.945709281961471,0.4292105590978928,106.0,26.0,28.0,4.014264508625938,0.7108598184458313,0.4903677758318739,2.2097177259326592,113.0,106.0,26.0,28.0,1.0,1.0,1.0
60.0,8,2002,0.3,0.5,fixed,0.8,0.15,60.0,0.5,0.47500000000000003,571,0.9113700774853828,56.8,0.945709281961471,0.4815602036205269,55.0,,31.0,4.079041337722408,0.5862538541466458,0.500875656742557,2.1904646263274725,114.0,55.0,30.0,31.0,1.0,0.0,1.0
60.0,8,2003,0.3,0.5,fixed,0.8,0.15,60.0,0.5,0.47500000000000003,571,0.9276457762549593,52.4,0.945709281961471,0.41703720322795484,113.0,,28.0,3.920149260382634,0.6240182272680608,0.46059544658493873,2.16185188452329,116.0,113.0,30.0,28.0,1.0,0.0,1.0
60.0,8,2004,0.3,0.5,fixed,0.8,0.15,60.0,0.5,0.47500000000000003,571,0.9020854249806651,55.0,0.945709281961471,0.4545896390874135,110.0,,25.0,3.930051814768737,0.6738580850638645,0.4956217162872154,2.20634223793897,116.0,110.0,30.0,25.0,1.0,0.0,1.0
60.0,8,2005,0.3,0.5,fixed,0.8,0.15,60.0,0.5,0.47500000000000003,571,0.8964383499857054,46.0,1.0507880910683012,0.4692145126384824,109.0,,36.0,3.9895946662053507,0.5934194794577055,0.5078809106830122,2.0113255107519024,112.0,109.0,30.0,36.0,1.0,0.0,1.0
60.0,8,2006,0.3,0.5,fixed,0.8,0.15,60.0,0.5,0.47500000000000003,571,0.8941189769720843,59.6,0.945709281961471,0.43771882844858334,101.0,,25.0,3.9555866927979437,0.6189165735490517,0.5183887915936952,2.2111069596228896,115.0,101.0,30.0,25.0,1.0,0.0,1.0
60.0,8,2007,0.3,0.5,fixed,0.8,0.15,60.0,0.5,0.47500000000000003,571,0.9169869228603287,55.4,0.945709281961471,0.4665358401654687,112.0,,36.0,4.07532152263482,0.6396732061917876,0.4938704028021016,2.3112175291523394,116.0,112.0,30.0,36.0,1.0,0.0,1.0
60.0,8,2008,0.3,0.5,fixed,0.8,0.15,60.0,0.5,0.47500000000000003,571,0.9192663176554345,51.2,0.945709281961471,0.43945842208568575,108.0,3.0,25.0,3.8340662738524394,0.5587539026559294,0.44833625218914186,2.1556578606015404,120.0,108.0,3.0,25.0,1.0,1.0,1.0
60.0,8,2009,0.3,0.5,fixed,0.8,0.15,60.0,0.5,0.47500000000000003,571,0.9033512992132005,54.0,0.945709281961471,0.47021950293295794,114.0,,34.0,3.991514821107205,0.629251552161168,0.46409807355516636,2.02857453375816,125.0,114.0,30.0,34.0,1.0,0.0,1.0
60.0,8,2010,0.3,0.5,fixed,0.8,0.15,60.0,0.5,0.47500000000000003,571,0.9188533503178922,55.6,0.945709281961471,0.4836189342499871,110.0,,5.0,3.993151731079715,0.5847162708427384,0.4851138353765324,2.0106622677211488,117.0,110.0,30.0,5.0,1.0,0.0,1.0
60.0,8,2011,0.3,0.5,fixed,0.8,0.15,60.0,0.5,0.47500000000000003,571,0.9179822094465527,54.2,0.945709281961471,0.44759634972648565,112.0,,17.0,4.062151107482467,0.6430445289783101,0.48336252189141854,2.2408904769726905,117.0,112.0,30.0,17.0,1.0,0.0,1.0
60.0,8,2012,0.3,0.5,fixed,0.8,0.15,60.0,0.5,0.47500000000000003,571,0.9205698463948279,52.8,0.945709281961471,0.4507482216052494,98.0,,10.0,3.8655932599783744,0.5862165421866906,0.4763572679509632,2.162202582366119,109.0,98.0,30.0,10.0,1.0,0.0,1.0
60.0,8,2013,0.3,0.5,fixed,0.8,0.15,60.0,0.5,0.47500000000000003,571,0.9111180098222247,55.6,0.945709281961471,0.4262547867029517,103.0,,37.0,4.049260308634737,0.6579261604706395,0.4798598949211909,2.4001890714291223,114.0,103.0,30.0,37.0,1.0,0.0,1.0
60.0,8,2014,0.3,0.5,fixed,0.8,0.15,60.0,0.5,0.47500000000000003,571,0.9340926364099046,51.0,0.945709281961471,0.37464781621131527,105.0,,35.0,4.036463230970854,0.6487033831965212,0.4308231173380035,2.2073140394039465,110.0,105.0,30.0,35.0,1.0,0.0,1.0
60.0,8,2015,0.3,0.5,fixed,0.8,0.15,60.0,0.5,0.47500000000000003,571,0.8936456685281944,58.6,0.945709281961471,0.4255247562595075,114.0,,21.0,3.9221253025793565,0.6355065481806474,0.4938704028021016,2.234482619157479,123.0,114.0,30.0,21.0,1.0,0.0,1.0
60.0,8,2016,0.3,0.5,fixed,0.8,0.15,60.0,0.5,0.47500000000000003,571,0.9075929201154933,53.0,0.945709281961471,0.4005557523875923,112.0,,32.0,3.8991878800684763,0.6497951155048609,0.46409807355516636,2.115207776637494,121.0,112.0,30.0,32.0,1.0,0.0,1.0
60.0,8,2017,0.3,0.5,fixed,0.8,0.15,60.0,0.5,0.47500000000000003,571,0.9215832923652052,54.8,0.945709281961471,0.43476411731455,100.0,,36.0,4.145739373830575,0.644150399899268,0.4938704028021016,2.1447275518966413,112.0,100.0,30.0,36.0,1.0,0.0,1.0
60.0,8,2018,0.3,0.5,fixed,0.8,0.15,60.0,0.5,0.47500000000000003,571,0.9004277918704071,57.4,0.945709281961471,0.43855678767541434,92.0,,41.0,3.863142283897859,0.6025045641058725,0.4991243432574431,2.237153449614644,110.0,92.0,30.0,41.0,1.0,0.0,1.0
60.0,8,2019,0.3,0.5,fixed,0.8,0.15,60.0,0.5,0.47500000000000003,571,0.9074815071354645,54.2,0.945709281961471,0.45427768908720817,102.0,,19.0,3.969257834519053,0.6319926305006458,0.4763572679509632,2.26149433878954,114.0,102.0,30.0,19.0,1.0,0.0,1.0
60.0,8,2020,0.3,0.5,fixed,0.8,0.15,60.0,0.5,0.47500000000000003,571,0.9165512050596047,50.2,0.945709281961471,0.4020252978025487,112.0,1.0,7.0,3.9827741912714214,0.5297248976583999,0.44658493870402804,2.243453967454176,117.0,112.0,1.0,7.0,1.0,1.0,1.0
60.0,8,2021,0.3,0.5,fixed,0.8,0.15,60.0,0.5,0.47500000000000003,571,0.9243400131734076,52.8,0.945709281961471,0.42655847050787854,114.0,,36.0,3.9927067076164464,0.6255271023903505,0.45884413309982486,2.216251917658178,121.0,114.0,30.0,36.0,1.0,0.0,1.0
60.0,8,2022,0.3,0.5,fixed,0.8,0.15,60.0,0.5,0.47500000000000003,571,0.9025793480811278,53.2,0.945709281961471,0.4508828159844539,109.0,,6.0,3.890500353282507,0.5719744720443954,0.45884413309982486,2.254505821846521,116.0,109.0,30.0,6.0,1.0,0.0,1.0
60.0,8,2023,0.3,0.5,fixed,0.8,0.15,60.0,0.5,0.47500000000000003,571,0.9118427115122179,51.2,0.945709281961471,0.4113272822232151,106.0,,26.0,4.0485029418269685,0.6590884062173595,0.44833625218914186,2.048178208759198,121.0,106.0,30.0,26.0,1.0,0.0,1.0
60.0,8,2024,0.3,0.5,fixed,0.8,0.15,60.0,0.5,0.47500000000000003,571,0.9089508151137395,51.4,0.945709281961471,0.3859099535890515,108.0,,31.0,3.974627133066735,0.6820955025947238,0.43782837127845886,2.0808740547852542,111.0,108.0,30.0,31.0,1.0,0.0,1.0
60.0,8,2025,0.3,0.5,fixed,0.8,0.15,60.0,0.5,0.47500000000000003,571,0.8990148953626584,55.0,0.945709281961471,0.4411643964361979,104.0,,8.0,3.8907560339475964,0.6251823814668324,0.4886164623467601,2.1454611648344573,119.0,104.0,30.0,8.0,1.0,0.0,1.0
60.0,8,2026,0.3,0.5,fixed,0.8,0.15,60.0,0.5,0.47500000000000003,571,0.9040281617991034,57.0,0.945709281961471,0.4452016617940327,112.0,,33.0,4.032951938942031,0.6190468171724741,0.4956217162872154,2.0368784524570342,124.0,112.0,30.0,33.0,1.0,0.0,1.0
60.0,8,2027,0.3,0.5,fixed,0.8,0.15,60.0,0.5,0.47500000000000003,571,0.925214812516095,55.8,0.945709281961471,0.4534565629952829,98.0,,34.0,4.068371326322435,0.6635847306005026,0.4816112084063047,2.221718713643379,111.0,98.0,30.0,34.0,1.0,0.0,1.0
60.0,8,2028,0.3,0.5,fixed,0.8,0.15,60.0,0.5,0.47500000000000003,571,0.9141773545937497,51.2,0.945709281961471,0.42657198163741444,114.0,16.0,23.0,3.990022104409599,0.6450986359204599,0.44658493870402804,2.1066875754417955,117.0,114.0,16.0,23.0,1.0,1.0,1.0
60.0,8,2029,0.3,0.5,fixed,0.8,0.15,60.0,0.5,0.47500000000000003,571,0.9055415743532066,55.6,0.945709281961471,0.43692165672291383,112.0,,36.0,3.904392704096874,0.6121775619440397,0.4711033274956217,2.1039065824136345,122.0,112.0,30.0,36.0,1.0,0.0,1.0
